mesh,time_s,y_m,Ux_m_s
20x20,1.0,0.0,-0.017681501805782318
20x20,1.0,0.0005000000237487257,-0.01910203881561756
20x20,1.0,0.0010000000474974513,-0.020522577688097954
20x20,1.0,0.001500000013038516,-0.021943114697933197
20x20,1.0,0.0020000000949949026,-0.02336365170776844
20x20,1.0,0.0024999999441206455,-0.024784188717603683
20x20,1.0,0.003000000026077032,-0.026204725727438927
20x20,1.0,0.0035000001080334187,-0.02762526459991932
20x20,1.0,0.004000000189989805,-0.029045801609754562
20x20,1.0,0.004500000271946192,-0.030466338619589806
20x20,1.0,0.004999999888241291,-0.03188687562942505
20x20,1.0,0.005499999970197678,-0.03452020511031151
20x20,1.0,0.006000000052154064,-0.03715353086590767
20x20,1.0,0.006500000134110451,-0.03978686034679413
20x20,1.0,0.007000000216066837,-0.04242018610239029
20x20,1.0,0.007500000298023224,-0.04505351558327675
20x20,1.0,0.00800000037997961,-0.04768684133887291
20x20,1.0,0.008500000461935997,-0.05032017081975937
20x20,1.0,0.009000000543892384,-0.05295349657535553
20x20,1.0,0.009499999694526196,-0.05558681860566139
20x20,1.0,0.009999999776482582,-0.05822014808654785
20x20,1.0,0.010499999858438969,-0.060526493936777115
20x20,1.0,0.010999999940395355,-0.06283283978700638
20x20,1.0,0.011500000022351742,-0.06513918191194534
20x20,1.0,0.012000000104308128,-0.0674455314874649
20x20,1.0,0.012500000186264515,-0.06975187361240387
20x20,1.0,0.013000000268220901,-0.07205822318792343
20x20,1.0,0.013500000350177288,-0.0743645653128624
20x20,1.0,0.014000000432133675,-0.07667091488838196
20x20,1.0,0.014500000514090061,-0.07897725701332092
20x20,1.0,0.015000000596046448,-0.08128360658884048
20x20,1.0,0.015500000678002834,-0.08340377360582352
20x20,1.0,0.01600000075995922,-0.08552394807338715
20x20,1.0,0.016499999910593033,-0.08764412254095078
20x20,1.0,0.017000000923871994,-0.0897642970085144
20x20,1.0,0.017500000074505806,-0.09188446402549744
20x20,1.0,0.018000001087784767,-0.09400464594364166
20x20,1.0,0.01850000023841858,-0.0961248129606247
20x20,1.0,0.01899999938905239,-0.09824497997760773
20x20,1.0,0.019500000402331352,-0.10036516189575195
20x20,1.0,0.019999999552965164,-0.10248532891273499
20x20,1.0,0.020500000566244125,-0.10449947416782379
20x20,1.0,0.020999999716877937,-0.106513611972332
20x20,1.0,0.0215000007301569,-0.1085277572274208
20x20,1.0,0.02199999988079071,-0.11054189503192902
20x20,1.0,0.02250000089406967,-0.11255604773759842
20x20,1.0,0.023000000044703484,-0.11457018554210663
20x20,1.0,0.023500001057982445,-0.11658433079719543
20x20,1.0,0.024000000208616257,-0.11859846860170364
20x20,1.0,0.024500001221895218,-0.12061261385679245
20x20,1.0,0.02500000037252903,-0.12262675166130066
20x20,1.0,0.025499999523162842,-0.12456677109003067
20x20,1.0,0.026000000536441803,-0.12650680541992188
20x20,1.0,0.026499999687075615,-0.12844683229923248
20x20,1.0,0.027000000700354576,-0.1303868591785431
20x20,1.0,0.027499999850988388,-0.1323268711566925
20x20,1.0,0.02800000086426735,-0.1342669129371643
20x20,1.0,0.02850000001490116,-0.13620692491531372
20x20,1.0,0.029000001028180122,-0.13814696669578552
20x20,1.0,0.029500000178813934,-0.14008697867393494
20x20,1.0,0.030000001192092896,-0.14202700555324554
20x20,1.0,0.030500000342726707,-0.143875390291214
20x20,1.0,0.03100000135600567,-0.14572376012802124
20x20,1.0,0.03150000050663948,-0.1475721299648285
20x20,1.0,0.03200000151991844,-0.14942051470279694
20x20,1.0,0.032499998807907104,-0.151268869638443
20x20,1.0,0.032999999821186066,-0.15311725437641144
20x20,1.0,0.03350000083446503,-0.1549656242132187
20x20,1.0,0.03400000184774399,-0.15681400895118713
20x20,1.0,0.03449999913573265,-0.1586623638868332
20x20,1.0,0.03500000014901161,-0.16051074862480164
20x20,1.0,0.03550000116229057,-0.16219483315944672
20x20,1.0,0.036000002175569534,-0.1638789027929306
20x20,1.0,0.0364999994635582,-0.1655629724264145
20x20,1.0,0.03700000047683716,-0.16724705696105957
20x20,1.0,0.03750000149011612,-0.16893112659454346
20x20,1.0,0.03799999877810478,-0.17061519622802734
20x20,1.0,0.03849999979138374,-0.17229928076267242
20x20,1.0,0.039000000804662704,-0.1739833652973175
20x20,1.0,0.039500001817941666,-0.1756674349308014
20x20,1.0,0.03999999910593033,-0.17735150456428528
20x20,1.0,0.04050000011920929,-0.1787344068288803
20x20,1.0,0.04100000113248825,-0.18011730909347534
20x20,1.0,0.04150000214576721,-0.18150021135807037
20x20,1.0,0.041999999433755875,-0.1828830987215042
20x20,1.0,0.042500000447034836,-0.18426600098609924
20x20,1.0,0.0430000014603138,-0.18564890325069427
20x20,1.0,0.04350000247359276,-0.1870318055152893
20x20,1.0,0.04399999976158142,-0.18841469287872314
20x20,1.0,0.04450000077486038,-0.18979759514331818
20x20,1.0,0.04500000178813934,-0.1911804974079132
20x20,1.0,0.045499999076128006,-0.19204922020435333
20x20,1.0,0.04600000008940697,-0.19291794300079346
20x20,1.0,0.04650000110268593,-0.19378668069839478
20x20,1.0,0.04700000211596489,-0.1946554034948349
20x20,1.0,0.04749999940395355,-0.19552412629127502
20x20,1.0,0.04800000041723251,-0.19639284908771515
20x20,1.0,0.048500001430511475,-0.19726157188415527
20x20,1.0,0.049000002443790436,-0.1981303095817566
20x20,1.0,0.0494999997317791,-0.19899903237819672
20x20,1.0,0.05000000074505806,-0.19986775517463684
20x20,1.0,0.05050000175833702,-0.1999204009771347
20x20,1.0,0.050999999046325684,-0.19997304677963257
20x20,1.0,0.051500000059604645,-0.20002570748329163
20x20,1.0,0.052000001072883606,-0.2000783532857895
20x20,1.0,0.05250000208616257,-0.20013099908828735
20x20,1.0,0.05299999937415123,-0.20018364489078522
20x20,1.0,0.05350000038743019,-0.20023629069328308
20x20,1.0,0.05400000140070915,-0.20028895139694214
20x20,1.0,0.05450000241398811,-0.20034159719944
20x20,1.0,0.054999999701976776,-0.20039424300193787
20x20,1.0,0.05550000071525574,-0.19922876358032227
20x20,1.0,0.0560000017285347,-0.19806328415870667
20x20,1.0,0.05649999901652336,-0.19689781963825226
20x20,1.0,0.05700000002980232,-0.19573234021663666
20x20,1.0,0.057500001043081284,-0.19456686079502106
20x20,1.0,0.058000002056360245,-0.19340138137340546
20x20,1.0,0.05849999934434891,-0.19223591685295105
20x20,1.0,0.05900000035762787,-0.19107043743133545
20x20,1.0,0.05950000137090683,-0.18990495800971985
20x20,1.0,0.06000000238418579,-0.18873947858810425
20x20,1.0,0.060499999672174454,-0.18584786355495453
20x20,1.0,0.061000000685453415,-0.18295623362064362
20x20,1.0,0.061500001698732376,-0.1800646036863327
20x20,1.0,0.06200000271201134,-0.1771729588508606
20x20,1.0,0.0625,-0.17428135871887207
20x20,1.0,0.06300000101327896,-0.17138972878456116
20x20,1.0,0.06350000202655792,-0.16849809885025024
20x20,1.0,0.06400000303983688,-0.16560645401477814
20x20,1.0,0.06450000405311584,-0.16271482408046722
20x20,1.0,0.06499999761581421,-0.1598232388496399
20x20,1.0,0.06549999862909317,-0.1545976996421814
20x20,1.0,0.06599999964237213,-0.1493721604347229
20x20,1.0,0.06650000065565109,-0.1441466212272644
20x20,1.0,0.06700000166893005,-0.1389210820198059
20x20,1.0,0.06750000268220901,-0.1336955428123474
20x20,1.0,0.06800000369548798,-0.12847000360488892
20x20,1.0,0.06850000470876694,-0.12324446439743042
20x20,1.0,0.0689999982714653,-0.1180189996957779
20x20,1.0,0.06949999928474426,-0.1127934604883194
20x20,1.0,0.07000000029802322,-0.1075679212808609
20x20,1.0,0.07050000131130219,-0.09932921081781387
20x20,1.0,0.07100000232458115,-0.09109050780534744
20x20,1.0,0.07150000333786011,-0.08285179734230042
20x20,1.0,0.07200000435113907,-0.07461309432983398
20x20,1.0,0.07249999791383743,-0.0663745105266571
20x20,1.0,0.0729999989271164,-0.05813580006361008
20x20,1.0,0.07349999994039536,-0.04989709332585335
20x20,1.0,0.07400000095367432,-0.04165838658809662
20x20,1.0,0.07450000196695328,-0.03341967985033989
20x20,1.0,0.07500000298023224,-0.02518097311258316
20x20,1.0,0.0755000039935112,-0.013241520151495934
20x20,1.0,0.07599999755620956,-0.0013022447237744927
20x20,1.0,0.07649999856948853,0.010637208819389343
20x20,1.0,0.07699999958276749,0.02257666178047657
20x20,1.0,0.07750000059604645,0.0345161147415638
20x20,1.0,0.07800000160932541,0.04645556956529617
20x20,1.0,0.07850000262260437,0.05839502066373825
20x20,1.0,0.07900000363588333,0.07033447176218033
20x20,1.0,0.07950000464916229,0.082273930311203
20x20,1.0,0.07999999821186066,0.09421320259571075
20x20,1.0,0.08049999922513962,0.1104382574558258
20x20,1.0,0.08100000023841858,0.12666331231594086
20x20,1.0,0.08150000125169754,0.1428883671760559
20x20,1.0,0.0820000022649765,0.15911342203617096
20x20,1.0,0.08250000327825546,0.175338476896286
20x20,1.0,0.08300000429153442,0.19156353175640106
20x20,1.0,0.08349999785423279,0.20778833329677582
20x20,1.0,0.08399999886751175,0.22401338815689087
20x20,1.0,0.08449999988079071,0.24023844301700592
20x20,1.0,0.08500000089406967,0.25646349787712097
20x20,1.0,0.08550000190734863,0.2772807776927948
20x20,1.0,0.0860000029206276,0.29809805750846863
20x20,1.0,0.08650000393390656,0.31891533732414246
20x20,1.0,0.08700000494718552,0.3397326171398163
20x20,1.0,0.08749999850988388,0.36054959893226624
20x20,1.0,0.08799999952316284,0.38136687874794006
20x20,1.0,0.0885000005364418,0.4021841585636139
20x20,1.0,0.08900000154972076,0.4230014383792877
20x20,1.0,0.08950000256299973,0.44381871819496155
20x20,1.0,0.09000000357627869,0.4646359980106354
20x20,1.0,0.09050000458955765,0.4897907078266144
20x20,1.0,0.09099999815225601,0.5149450898170471
20x20,1.0,0.09149999916553497,0.5400997996330261
20x20,1.0,0.09200000017881393,0.5652545094490051
20x20,1.0,0.0925000011920929,0.5904092192649841
20x20,1.0,0.09300000220537186,0.6155639290809631
20x20,1.0,0.09350000321865082,0.6407186985015869
20x20,1.0,0.09400000423192978,0.6658734083175659
20x20,1.0,0.09449999779462814,0.6910277605056763
20x20,1.0,0.0949999988079071,0.7161824703216553
20x20,1.0,0.09549999982118607,0.7297661900520325
20x20,1.0,0.09600000083446503,0.7433499097824097
20x20,1.0,0.09650000184774399,0.7569336295127869
20x20,1.0,0.09700000286102295,0.7705173492431641
20x20,1.0,0.09750000387430191,0.7841010689735413
20x20,1.0,0.09800000488758087,0.7976847887039185
20x20,1.0,0.09849999845027924,0.8112683296203613
20x20,1.0,0.0989999994635582,0.8248520493507385
20x20,1.0,0.09950000047683716,0.8384357690811157
20x20,1.0,0.10000000149011612,0.8520194888114929
40x40,1.0,0.0,-0.008823379874229431
40x40,1.0,0.0005000000237487257,-0.010394667275249958
40x40,1.0,0.0010000000474974513,-0.011965954676270485
40x40,1.0,0.001500000013038516,-0.013537242077291012
40x40,1.0,0.0020000000949949026,-0.015108529478311539
40x40,1.0,0.0024999999441206455,-0.01667981594800949
40x40,1.0,0.003000000026077032,-0.019672762602567673
40x40,1.0,0.0035000001080334187,-0.022665711119771004
40x40,1.0,0.004000000189989805,-0.025658657774329185
40x40,1.0,0.004500000271946192,-0.028651604428887367
40x40,1.0,0.004999999888241291,-0.0316445492208004
40x40,1.0,0.005499999970197678,-0.034372083842754364
40x40,1.0,0.006000000052154064,-0.03709962218999863
40x40,1.0,0.006500000134110451,-0.03982715681195259
40x40,1.0,0.007000000216066837,-0.042554691433906555
40x40,1.0,0.007500000298023224,-0.04528222978115082
40x40,1.0,0.00800000037997961,-0.04780462011694908
40x40,1.0,0.008500000461935997,-0.050327010452747345
40x40,1.0,0.009000000543892384,-0.05284940078854561
40x40,1.0,0.009499999694526196,-0.055371787399053574
40x40,1.0,0.009999999776482582,-0.05789417773485184
40x40,1.0,0.010499999858438969,-0.060259636491537094
40x40,1.0,0.010999999940395355,-0.06262509524822235
40x40,1.0,0.011500000022351742,-0.0649905577301979
40x40,1.0,0.012000000104308128,-0.06735601276159286
40x40,1.0,0.012500000186264515,-0.06972147524356842
40x40,1.0,0.013000000268220901,-0.0719694197177887
40x40,1.0,0.013500000350177288,-0.07421735674142838
40x40,1.0,0.014000000432133675,-0.07646530121564865
40x40,1.0,0.014500000514090061,-0.07871323823928833
40x40,1.0,0.015000000596046448,-0.0809611827135086
40x40,1.0,0.015500000678002834,-0.083123117685318
40x40,1.0,0.01600000075995922,-0.08528506010770798
40x40,1.0,0.016499999910593033,-0.08744699507951736
40x40,1.0,0.017000000923871994,-0.08960893750190735
40x40,1.0,0.017500000074505806,-0.09177087247371674
40x40,1.0,0.018000001087784767,-0.09387121349573135
40x40,1.0,0.01850000023841858,-0.09597154706716537
40x40,1.0,0.01899999938905239,-0.0980718731880188
40x40,1.0,0.019500000402331352,-0.10017221421003342
40x40,1.0,0.019999999552965164,-0.10227254778146744
40x40,1.0,0.020500000566244125,-0.10432913899421692
40x40,1.0,0.020999999716877937,-0.1063857302069664
40x40,1.0,0.0215000007301569,-0.10844232141971588
40x40,1.0,0.02199999988079071,-0.11049891263246536
40x40,1.0,0.02250000089406967,-0.11255550384521484
40x40,1.0,0.023000000044703484,-0.11457990109920502
40x40,1.0,0.023500001057982445,-0.11660430580377579
40x40,1.0,0.024000000208616257,-0.11862869560718536
40x40,1.0,0.024500001221895218,-0.12065310031175613
40x40,1.0,0.02500000037252903,-0.12267749756574631
40x40,1.0,0.025499999523162842,-0.12467504292726517
40x40,1.0,0.026000000536441803,-0.12667259573936462
40x40,1.0,0.026499999687075615,-0.12867014110088348
40x40,1.0,0.027000000700354576,-0.13066770136356354
40x40,1.0,0.027499999850988388,-0.1326652467250824
40x40,1.0,0.02800000086426735,-0.13463515043258667
40x40,1.0,0.02850000001490116,-0.13660505414009094
40x40,1.0,0.029000001028180122,-0.13857495784759521
40x40,1.0,0.029500000178813934,-0.1405448466539383
40x40,1.0,0.030000001192092896,-0.14251475036144257
40x40,1.0,0.030500000342726707,-0.1444496512413025
40x40,1.0,0.03100000135600567,-0.1463845670223236
40x40,1.0,0.03150000050663948,-0.14831945300102234
40x40,1.0,0.03200000151991844,-0.15025436878204346
40x40,1.0,0.032499998807907104,-0.1521892547607422
40x40,1.0,0.032999999821186066,-0.15407471358776093
40x40,1.0,0.03350000083446503,-0.15596015751361847
40x40,1.0,0.03400000184774399,-0.1578456163406372
40x40,1.0,0.03449999913573265,-0.15973104536533356
40x40,1.0,0.03500000014901161,-0.1616165041923523
40x40,1.0,0.03550000116229057,-0.16343051195144653
40x40,1.0,0.036000002175569534,-0.16524450480937958
40x40,1.0,0.0364999994635582,-0.16705849766731262
40x40,1.0,0.03700000047683716,-0.16887249052524567
40x40,1.0,0.03750000149011612,-0.1706864982843399
40x40,1.0,0.03799999877810478,-0.1723988950252533
40x40,1.0,0.03849999979138374,-0.17411130666732788
40x40,1.0,0.039000000804662704,-0.17582370340824127
40x40,1.0,0.039500001817941666,-0.17753611505031586
40x40,1.0,0.03999999910593033,-0.17924851179122925
40x40,1.0,0.04050000011920929,-0.1808200627565384
40x40,1.0,0.04100000113248825,-0.18239161372184753
40x40,1.0,0.04150000214576721,-0.18396316468715668
40x40,1.0,0.041999999433755875,-0.18553470075130463
40x40,1.0,0.042500000447034836,-0.18710625171661377
40x40,1.0,0.0430000014603138,-0.18848785758018494
40x40,1.0,0.04350000247359276,-0.1898694485425949
40x40,1.0,0.04399999976158142,-0.19125105440616608
40x40,1.0,0.04450000077486038,-0.19263264536857605
40x40,1.0,0.04500000178813934,-0.19401425123214722
40x40,1.0,0.045499999076128006,-0.19514599442481995
40x40,1.0,0.04600000008940697,-0.19627775251865387
40x40,1.0,0.04650000110268593,-0.1974094957113266
40x40,1.0,0.04700000211596489,-0.19854125380516052
40x40,1.0,0.04749999940395355,-0.19967299699783325
40x40,1.0,0.04800000041723251,-0.20048320293426514
40x40,1.0,0.048500001430511475,-0.20129339396953583
40x40,1.0,0.049000002443790436,-0.2021035999059677
40x40,1.0,0.0494999997317791,-0.2029137909412384
40x40,1.0,0.05000000074505806,-0.2037239968776703
40x40,1.0,0.05050000175833702,-0.20412859320640564
40x40,1.0,0.050999999046325684,-0.204533189535141
40x40,1.0,0.051500000059604645,-0.20493780076503754
40x40,1.0,0.052000001072883606,-0.2053423970937729
40x40,1.0,0.05250000208616257,-0.20574699342250824
40x40,1.0,0.05299999937415123,-0.2056485414505005
40x40,1.0,0.05350000038743019,-0.20555008947849274
40x40,1.0,0.05400000140070915,-0.20545165240764618
40x40,1.0,0.05450000241398811,-0.20535320043563843
40x40,1.0,0.054999999701976776,-0.20525474846363068
40x40,1.0,0.05550000071525574,-0.2045418918132782
40x40,1.0,0.0560000017285347,-0.20382905006408691
40x40,1.0,0.05649999901652336,-0.20311619341373444
40x40,1.0,0.05700000002980232,-0.20240335166454315
40x40,1.0,0.057500001043081284,-0.20169049501419067
40x40,1.0,0.058000002056360245,-0.2002379447221756
40x40,1.0,0.05849999934434891,-0.19878540933132172
40x40,1.0,0.05900000035762787,-0.19733284413814545
40x40,1.0,0.05950000137090683,-0.19588029384613037
40x40,1.0,0.06000000238418579,-0.1944277435541153
40x40,1.0,0.060499999672174454,-0.1920963078737259
40x40,1.0,0.061000000685453415,-0.1897648572921753
40x40,1.0,0.061500001698732376,-0.1874333918094635
40x40,1.0,0.06200000271201134,-0.1851019412279129
40x40,1.0,0.0625,-0.1827705055475235
40x40,1.0,0.06300000101327896,-0.17940789461135864
40x40,1.0,0.06350000202655792,-0.1760452836751938
40x40,1.0,0.06400000303983688,-0.17268267273902893
40x40,1.0,0.06450000405311584,-0.16932006180286407
40x40,1.0,0.06499999761581421,-0.1659574955701828
40x40,1.0,0.06549999862909317,-0.1613999903202057
40x40,1.0,0.06599999964237213,-0.15684249997138977
40x40,1.0,0.06650000065565109,-0.15228499472141266
40x40,1.0,0.06700000166893005,-0.14772750437259674
40x40,1.0,0.06750000268220901,-0.14316999912261963
40x40,1.0,0.06800000369548798,-0.13724516332149506
40x40,1.0,0.06850000470876694,-0.13132032752037048
40x40,1.0,0.0689999982714653,-0.12539558112621307
40x40,1.0,0.06949999928474426,-0.1194707378745079
40x40,1.0,0.07000000029802322,-0.11354590207338333
40x40,1.0,0.07050000131130219,-0.10607630014419556
40x40,1.0,0.07100000232458115,-0.09860669821500778
40x40,1.0,0.07150000333786011,-0.09113708883523941
40x40,1.0,0.07200000435113907,-0.08366748690605164
40x40,1.0,0.07249999791383743,-0.07619799673557281
40x40,1.0,0.0729999989271164,-0.06700645387172699
40x40,1.0,0.07349999994039536,-0.05781491473317146
40x40,1.0,0.07400000095367432,-0.048623375594615936
40x40,1.0,0.07450000196695328,-0.03943183273077011
40x40,1.0,0.07500000298023224,-0.030240293592214584
40x40,1.0,0.0755000039935112,-0.019157130271196365
40x40,1.0,0.07599999755620956,-0.008074132725596428
40x40,1.0,0.07649999856948853,0.0030090296640992165
40x40,1.0,0.07699999958276749,0.014092192985117435
40x40,1.0,0.07750000059604645,0.02517535537481308
40x40,1.0,0.07800000160932541,0.03830328211188316
40x40,1.0,0.07850000262260437,0.051431212574243546
40x40,1.0,0.07900000363588333,0.06455913931131363
40x40,1.0,0.07950000464916229,0.07768706977367401
40x40,1.0,0.07999999821186066,0.09081479907035828
40x40,1.0,0.08049999922513962,0.10611313581466675
40x40,1.0,0.08100000023841858,0.12141148000955582
40x40,1.0,0.08150000125169754,0.13670982420444489
40x40,1.0,0.0820000022649765,0.15200816094875336
40x40,1.0,0.08250000327825546,0.16730649769306183
40x40,1.0,0.08300000429153442,0.18486075103282928
40x40,1.0,0.08349999785423279,0.20241475105285645
40x40,1.0,0.08399999886751175,0.2199690043926239
40x40,1.0,0.08449999988079071,0.23752325773239136
40x40,1.0,0.08500000089406967,0.2550775110721588
40x40,1.0,0.08550000190734863,0.2749186158180237
40x40,1.0,0.0860000029206276,0.29475972056388855
40x40,1.0,0.08650000393390656,0.3146008253097534
40x40,1.0,0.08700000494718552,0.3344419300556183
40x40,1.0,0.08749999850988388,0.3542827367782593
40x40,1.0,0.08799999952316284,0.3763725459575653
40x40,1.0,0.0885000005364418,0.39846235513687134
40x40,1.0,0.08900000154972076,0.420552134513855
40x40,1.0,0.08950000256299973,0.442641943693161
40x40,1.0,0.09000000357627869,0.46473175287246704
40x40,1.0,0.09050000458955765,0.48895108699798584
40x40,1.0,0.09099999815225601,0.513170063495636
40x40,1.0,0.09149999916553497,0.53738933801651
40x40,1.0,0.09200000017881393,0.5616086721420288
40x40,1.0,0.0925000011920929,0.5858280062675476
40x40,1.0,0.09300000220537186,0.6119679808616638
40x40,1.0,0.09350000321865082,0.63810795545578
40x40,1.0,0.09400000423192978,0.6642479300498962
40x40,1.0,0.09449999779462814,0.690387487411499
40x40,1.0,0.0949999988079071,0.7165274620056152
40x40,1.0,0.09549999982118607,0.7442784905433655
40x40,1.0,0.09600000083446503,0.7720295190811157
40x40,1.0,0.09650000184774399,0.7997806072235107
40x40,1.0,0.09700000286102295,0.827531635761261
40x40,1.0,0.09750000387430191,0.8552824854850769
40x40,1.0,0.09800000488758087,0.8695152401924133
40x40,1.0,0.09849999845027924,0.8837477564811707
40x40,1.0,0.0989999994635582,0.8979805111885071
40x40,1.0,0.09950000047683716,0.9122132658958435
40x40,1.0,0.10000000149011612,0.9264460206031799
