x_m,y_m,z_m,Ux_m_s,Uy_m_s,U_mag_m_s,T_K,p_Pa,Mach
-1.187999963760376,0.0010000000474974513,0.0,138.2201690673828,-0.3719214200973511,138.22066944765757,1800.6883544921875,200263.546875,0.16249831668826575
-1.1857661008834839,0.0010000000474974513,0.0,138.3520050048828,-0.3714320957660675,138.3525035938016,1800.6121826171875,200234.125,0.16265676281416827
-1.1835322380065918,0.0010000000474974513,0.0,138.4838409423828,-0.3709426820278168,138.48433774484582,1800.5361328125,200204.703125,0.16281520890174925
-1.1812984943389893,0.0010000000474974513,0.0,138.61566162109375,-0.37045323848724365,138.61615664220196,1800.4599609375,200175.296875,0.16297364649543183
-1.1790646314620972,0.0010000000474974513,0.0,138.74749755859375,-0.36996373534202576,138.74799080324533,1800.3839111328125,200145.875,0.1631320925058863
-1.176830768585205,0.0010000000474974513,0.0,138.8793182373047,-0.3694741427898407,138.87980971041378,1800.3077392578125,200116.453125,0.16329053847753178
-1.174596905708313,0.0010000000474974513,0.0,139.0111541748047,-0.36898449063301086,139.01164388124343,1800.231689453125,200087.03125,0.16344898441020375
-1.1723631620407104,0.0010000000474974513,0.0,139.1429901123047,-0.36849483847618103,139.14347805714397,1800.155517578125,200057.609375,0.1636074218483299
-1.1701292991638184,0.0010000000474974513,0.0,139.30929565429688,-0.36807572841644287,139.30978190865906,1800.0743408203125,200026.21875,0.16380666330504645
-1.1678954362869263,0.0010000000474974513,0.0,139.52764892578125,-0.36776334047317505,139.52813359545328,1799.9854736328125,199991.859375,0.16406751611723813
-1.1656615734100342,0.0010000000474974513,0.0,139.7460174560547,-0.3674509525299072,139.74650054663428,1799.896484375,199957.5,0.16432836878229737
-1.1634278297424316,0.0010000000474974513,0.0,139.96438598632812,-0.3671385645866394,139.96486750343976,1799.8076171875,199923.140625,0.16458920737929947
-1.1611939668655396,0.0010000000474974513,0.0,140.18275451660156,-0.3668261468410492,140.18323446576548,1799.71875,199888.765625,0.16485005974821498
-1.1589601039886475,0.0010000000474974513,0.0,140.401123046875,-0.3665136992931366,140.40160143358588,1799.6298828125,199854.40625,0.16511091196810446
-1.1567262411117554,0.0010000000474974513,0.0,140.61947631835938,-0.366201251745224,140.6199531482158,1799.541015625,199820.046875,0.16537176403832943
-1.1544924974441528,0.0010000000474974513,0.0,140.8378448486328,-0.3658888339996338,140.83832012718133,1799.4521484375,199785.671875,0.165632602037983
-1.1522586345672607,0.0010000000474974513,0.0,141.02456665039062,-0.3656312823295593,141.02504063167322,1799.410888671875,199769.5,0.1658541176735449
-1.1500247716903687,0.0010000000474974513,0.0,141.20614624023438,-0.36538276076316833,141.20661896873077,1799.3773193359375,199756.296875,0.1660692166542926
-1.1477909088134766,0.0010000000474974513,0.0,141.38772583007812,-0.3651343286037445,141.38819730967384,1799.34375,199743.09375,0.16628431542081173
-1.145557165145874,0.0010000000474974513,0.0,141.5692901611328,-0.36488601565361023,141.56976039582548,1799.3101806640625,199729.890625,0.16649940249352682
-1.143323302268982,0.0010000000474974513,0.0,141.75086975097656,-0.3646377623081207,141.75133874449307,1799.2767333984375,199716.6875,0.166714500828822
-1.1410894393920898,0.0010000000474974513,0.0,141.93243408203125,-0.364389568567276,141.93290183818488,1799.2431640625,199703.484375,0.16692959894709966
-1.1388555765151978,0.0010000000474974513,0.0,142.114013671875,-0.3641414940357208,142.11448019451626,1799.2095947265625,199690.28125,0.16714469684741945
-1.1366218328475952,0.0010000000474974513,0.0,142.29942321777344,-0.36373481154441833,142.29988809245117,1799.171875,199675.5625,0.16736451990498868
-1.1343879699707031,0.0010000000474974513,0.0,142.49070739746094,-0.36308714747428894,142.4911699962685,1799.1279296875,199658.5,0.16759154640169557
-1.132154107093811,0.0010000000474974513,0.0,142.68197631835938,-0.36243951320648193,142.68243665046376,1799.083984375,199641.4375,0.16781857268321373
-1.129920244216919,0.0010000000474974513,0.0,142.8732452392578,-0.3617918789386749,142.8737033136636,1799.0399169921875,199624.390625,0.16804559874860525
-1.1276865005493164,0.0010000000474974513,0.0,143.06451416015625,-0.3611442744731903,143.06496998590723,1798.9959716796875,199607.328125,0.16827261248177974
-1.1254526376724243,0.0010000000474974513,0.0,143.2557830810547,-0.3604966402053833,143.25623666700795,1798.9520263671875,199590.28125,0.16849963811209412
-1.1232187747955322,0.0010000000474974513,0.0,143.44705200195312,-0.3598490059375763,143.44750335700556,1798.907958984375,199573.21875,0.16872666352343535
-1.1209849119186401,0.0010000000474974513,0.0,143.63836669921875,-0.3592056632041931,143.63881584282055,1798.864013671875,199556.15625,0.16895372553985052
-1.1187511682510376,0.0010000000474974513,0.0,143.83273315429688,-0.3590070307254791,143.83318119503332,1798.8167724609375,199538.109375,0.1691845933048403
-1.1165173053741455,0.0010000000474974513,0.0,144.02713012695312,-0.3588085174560547,144.02757706827705,1798.7696533203125,199520.0625,0.1694154731891394
-1.1142834424972534,0.0010000000474974513,0.0,144.2215118408203,-0.3586101531982422,144.22195768638647,1798.7225341796875,199502.0,0.16964635287102237
-1.1120495796203613,0.0010000000474974513,0.0,144.4158935546875,-0.358411967754364,144.41633830816187,1798.6754150390625,199483.953125,0.16987723234959656
-1.1098158359527588,0.0010000000474974513,0.0,144.6102752685547,-0.3582139015197754,144.61071893344007,1798.6282958984375,199465.90625,0.1701080993031802
-1.1075819730758667,0.0010000000474974513,0.0,144.80465698242188,-0.3580159842967987,144.80509956228016,1798.5811767578125,199447.859375,0.17033897837244905
-1.1053481101989746,0.0010000000474974513,0.0,144.99903869628906,-0.35781821608543396,144.99948019466723,1798.5340576171875,199429.8125,0.17056985723569976
-1.1031142473220825,0.0010000000474974513,0.0,145.1981201171875,-0.3578488826751709,145.1985610858043,1798.484619140625,199410.578125,0.17080640035110292
-1.10088050365448,0.0010000000474974513,0.0,145.3992462158203,-0.35797935724258423,145.39968689563588,1798.4342041015625,199390.828125,0.17104540110992908
-1.098646640777588,0.0010000000474974513,0.0,145.60037231445312,-0.35811007022857666,145.60081270696867,1798.3837890625,199371.078125,0.17128441441778125
-1.0964127779006958,0.0010000000474974513,0.0,145.80149841308594,-0.3582410514354706,145.80193851987028,1798.3333740234375,199351.328125,0.17152342751886657
-1.0941789150238037,0.0010000000474974513,0.0,146.00262451171875,-0.3583722710609436,146.00306433426184,1798.282958984375,199331.578125,0.17176244041226224
-1.0919451713562012,0.0010000000474974513,0.0,146.20375061035156,-0.3585037589073181,146.2041901502109,1798.2325439453125,199311.828125,0.1720014403422199
-1.089711308479309,0.0010000000474974513,0.0,146.40487670898438,-0.3586355149745941,146.40531596771177,1798.18212890625,199292.078125,0.17224045281745787
-1.087477445602417,0.0010000000474974513,0.0,146.6087188720703,-0.3589048385620117,146.60915817912908,1798.1302490234375,199271.828125,0.17248276849115401
-1.085243582725525,0.0010000000474974513,0.0,146.81582641601562,-0.35933786630630493,146.81626616257407,1798.076416015625,199250.96875,0.17272901388630096
-1.0830098390579224,0.0010000000474974513,0.0,147.0229034423828,-0.3597712218761444,147.0233436293717,1798.022705078125,199230.109375,0.1729752459861057
-1.0807759761810303,0.0010000000474974513,0.0,147.23001098632812,-0.3602049648761749,147.23045161464057,1797.968994140625,199209.265625,0.17322149107144988
-1.0785421133041382,0.0010000000474974513,0.0,147.43710327148438,-0.3606390655040741,147.437544342077,1797.915283203125,199188.40625,0.17346773600084067
-1.076308250427246,0.0010000000474974513,0.0,147.64419555664062,-0.3610735237598419,147.64463707042358,1797.861572265625,199167.546875,0.17371398077357378
-1.0740745067596436,0.0010000000474974513,0.0,147.85128784179688,-0.3615083396434784,147.85172979967973,1797.807861328125,199146.6875,0.17396021224818944
-1.0718406438827515,0.0010000000474974513,0.0,148.06015014648438,-0.3620246350765228,148.0605927424171,1797.75341796875,199125.5625,0.17420860235959004
-1.0696067810058594,0.0010000000474974513,0.0,148.27337646484375,-0.3627399206161499,148.27382017246097,1797.697021484375,199103.796875,0.1744622459048777
-1.0673729181289673,0.0010000000474974513,0.0,148.48660278320312,-0.3634556531906128,148.48704760385192,1797.640625,199082.015625,0.1747158893177848
-1.0651391744613647,0.0010000000474974513,0.0,148.6998291015625,-0.3641718029975891,148.70027503651764,1797.584228515625,199060.25,0.17496951906212987
-1.0629053115844727,0.0010000000474974513,0.0,148.91305541992188,-0.364888459444046,148.91350247067777,1797.52783203125,199038.46875,0.17522316220847198
-1.0606714487075806,0.0010000000474974513,0.0,149.12628173828125,-0.36560556292533875,149.1267299061871,1797.471435546875,199016.703125,0.17547680522061532
-1.0584375858306885,0.0010000000474974513,0.0,149.33950805664062,-0.3663231432437897,149.33995734311935,1797.4150390625,198994.921875,0.17573044809794658
-1.056203842163086,0.0010000000474974513,0.0,149.5538787841797,-0.3670874238014221,149.55432930065857,1797.3583984375,198973.03125,0.17598546587437397
-1.0539699792861938,0.0010000000474974513,0.0,149.77304077148438,-0.36804279685020447,149.77349297334638,1797.30078125,198950.609375,0.17624621399059487
-1.0517361164093018,0.0010000000474974513,0.0,149.99220275878906,-0.3689987063407898,149.99265664851387,1797.2431640625,198928.1875,0.1765069619537755
-1.0495022535324097,0.0010000000474974513,0.0,150.21136474609375,-0.3699551522731781,150.21182032616045,1797.1854248046875,198905.765625,0.1767677097632121
-1.0472685098648071,0.0010000000474974513,0.0,150.43051147460938,-0.370912104845047,150.43096874746936,1797.1278076171875,198883.34375,0.17702844350349556
-1.045034646987915,0.0010000000474974513,0.0,150.64967346191406,-0.37186965346336365,150.6501324301459,1797.0701904296875,198860.921875,0.1772891910033234
-1.042800784111023,0.0010000000474974513,0.0,150.86883544921875,-0.37282776832580566,150.86929611537357,1797.012451171875,198838.5,0.17754993834726968
-1.0405669212341309,0.0010000000474974513,0.0,151.0889434814453,-0.37381649017333984,151.08940591950085,1796.95458984375,198816.03125,0.17781181779808547
-1.0383331775665283,0.0010000000474974513,0.0,151.31358337402344,-0.37495023012161255,151.3140479306618,1796.8956298828125,198793.296875,0.17807912353705363
-1.0360993146896362,0.0010000000474974513,0.0,151.53822326660156,-0.37608465552330017,151.53868994572477,1796.836669921875,198770.578125,0.1783464434237632
-1.0338654518127441,0.0010000000474974513,0.0,151.7628631591797,-0.37721970677375793,151.7633319645397,1796.77783203125,198747.859375,0.17861376319222802
-1.031631588935852,0.0010000000474974513,0.0,151.9875030517578,-0.37835535407066345,151.9879739870298,1796.7188720703125,198725.140625,0.17888108284189744
-1.0293978452682495,0.0010000000474974513,0.0,152.21212768554688,-0.37949156761169434,152.21260075437615,1796.659912109375,198702.421875,0.17914838810681008
-1.0271639823913574,0.0010000000474974513,0.0,152.436767578125,-0.38062846660614014,152.43724278435664,1796.6009521484375,198679.703125,0.17941570751722982
-1.0249301195144653,0.0010000000474974513,0.0,152.66253662109375,-0.3817933201789856,152.66301403328222,1796.5418701171875,198656.953125,0.17968437387115524
-1.0226962566375732,0.0010000000474974513,0.0,152.89230346679688,-0.3830558657646179,152.89278331948634,1796.4822998046875,198634.15625,0.179957821403087
-1.0204625129699707,0.0010000000474974513,0.0,153.12205505371094,-0.3843189775943756,153.1225373514566,1796.4227294921875,198611.34375,0.18023125425912337
-1.0182286500930786,0.0010000000474974513,0.0,153.35182189941406,-0.385582834482193,153.35230664711847,1796.3631591796875,198588.53125,0.18050470162372131
-1.0159947872161865,0.0010000000474974513,0.0,153.5815887451172,-0.3868473768234253,153.58207594757684,1796.3035888671875,198565.734375,0.1807781489040593
-1.0137609243392944,0.0010000000474974513,0.0,153.8113555908203,-0.38811254501342773,153.8118452526767,1796.2440185546875,198542.921875,0.1810515960997399
-1.011527180671692,0.0010000000474974513,0.0,154.04110717773438,-0.3893783390522003,154.04159930367243,1796.1844482421875,198520.109375,0.18132502861795896
-1.0092933177947998,0.0010000000474974513,0.0,154.2725067138672,-0.39067766070365906,154.27300138655102,1796.125244140625,198497.328125,0.1816003993266144
-1.0070594549179077,0.0010000000474974513,0.0,154.50709533691406,-0.39204201102256775,154.5075927143668,1796.0665283203125,198474.578125,0.18187954914598412
-1.0048255920410156,0.0010000000474974513,0.0,154.74169921875,-0.39340707659721375,154.7421993065693,1796.0078125,198451.84375,0.18215869887909078
-1.002591848373413,0.0010000000474974513,0.0,154.9762725830078,-0.39477279782295227,154.9767753867806,1795.9490966796875,198429.09375,0.18243783362880633
-1.000357985496521,0.0010000000474974513,0.0,155.21087646484375,-0.3961392641067505,155.21138199017994,1795.890380859375,198406.34375,0.18271698318815932
-0.9981241226196289,0.0010000000474974513,0.0,155.44546508789062,-0.397506445646286,155.44597334046628,1795.8316650390625,198383.59375,0.1829961326600118
-0.9958903193473816,0.0010000000474974513,0.0,155.6800537109375,-0.39887431263923645,155.68056469629622,1795.77294921875,198360.859375,0.18327527459559378
-0.9936564564704895,0.0010000000474974513,0.0,155.9171142578125,-0.4002924859523773,155.91762810073166,1795.71435546875,198338.21875,0.1835573497087758
-0.9914226531982422,0.0010000000474974513,0.0,156.15640258789062,-0.4017563760280609,156.15691940281434,1795.6558837890625,198315.6875,0.18384207338721775
-0.9891887903213501,0.0010000000474974513,0.0,156.39569091796875,-0.4032210409641266,156.3962107115025,1795.5972900390625,198293.140625,0.18412680459857814
-0.9869549870491028,0.0010000000474974513,0.0,156.63497924804688,-0.40468642115592957,156.63550202663362,1795.538818359375,198270.609375,0.1844115281479686
-0.9847211241722107,0.0010000000474974513,0.0,156.874267578125,-0.406152606010437,156.8747933484297,1795.4803466796875,198248.078125,0.1846962592296534
-0.9824873208999634,0.0010000000474974513,0.0,157.11355590820312,-0.4076194763183594,157.1140846765736,1795.4217529296875,198225.53125,0.1849809826487473
-0.9802534580230713,0.0010000000474974513,0.0,157.35284423828125,-0.4090871512889862,157.3533760113654,1795.36328125,198203.0,0.1852657135995033
-0.978019654750824,0.0010000000474974513,0.0,157.595947265625,-0.4106314778327942,157.59648223472578,1795.3048095703125,198180.625,0.1855549918380618
-0.9757857918739319,0.0010000000474974513,0.0,157.8401641845703,-0.41219809651374817,157.84070240936867,1795.2464599609375,198158.3125,0.18584556594373555
-0.9735519886016846,0.0010000000474974513,0.0,158.0843505859375,-0.41376546025276184,158.08489207395402,1795.18798828125,198135.984375,0.1861361322751848
-0.9713181257247925,0.0010000000474974513,0.0,158.32855224609375,-0.41533362865448,158.32909700483714,1795.1295166015625,198113.671875,0.18642670633868877
-0.9690843224525452,0.0010000000474974513,0.0,158.57275390625,-0.4169025719165802,158.57330194319155,1795.0711669921875,198091.34375,0.18671727262776425
-0.9668504595756531,0.0010000000474974513,0.0,158.81695556640625,-0.41847237944602966,158.81750688924134,1795.0126953125,198069.03125,0.18700784664868692
-0.9646166563034058,0.0010000000474974513,0.0,159.0616912841797,-0.42005112767219543,159.06224592005967,1794.954345703125,198046.71875,0.18729905475779346
-0.9623827934265137,0.0010000000474974513,0.0,159.31118774414062,-0.42170238494873047,159.3117458737751,1794.8968505859375,198024.46875,0.18759587050713752
-0.9601489901542664,0.0010000000474974513,0.0,159.5606689453125,-0.4233544170856476,159.56123057697343,1794.83935546875,198002.234375,0.1878926783397959
-0.9579151272773743,0.0010000000474974513,0.0,159.81016540527344,-0.42500734329223633,159.81073054742822,1794.7818603515625,197979.984375,0.18818949409524918
-0.955681324005127,0.0010000000474974513,0.0,160.0596466064453,-0.42666104435920715,160.06021526733912,1794.7242431640625,197957.75,0.18848630193404664
-0.9534474611282349,0.0010000000474974513,0.0,160.3091278076172,-0.4283156394958496,160.30969999574566,1794.666748046875,197935.515625,0.18878311769566947
-0.9512136578559875,0.0010000000474974513,0.0,160.55860900878906,-0.42997103929519653,160.55918473239652,1794.6092529296875,197913.265625,0.1890799255406666
-0.9489797949790955,0.0010000000474974513,0.0,160.81101989746094,-0.43164902925491333,160.81159921269992,1794.5513916015625,197890.984375,0.1893802158603335
-0.9467459917068481,0.0010000000474974513,0.0,161.06640625,-0.433350145816803,161.06698921454674,1794.4932861328125,197868.671875,0.1896840665841124
-0.944512128829956,0.0010000000474974513,0.0,161.32179260253906,-0.43505218625068665,161.32237922526863,1794.4351806640625,197846.359375,0.18998792541082768
-0.9422783255577087,0.0010000000474974513,0.0,161.57717895507812,-0.4367550313472748,161.57776924453051,1794.3770751953125,197824.046875,0.1902917761251387
-0.9400444626808167,0.0010000000474974513,0.0,161.8325653076172,-0.43845880031585693,161.83315927264027,1794.3189697265625,197801.734375,0.1905956349423389
-0.9378106594085693,0.0010000000474974513,0.0,162.08795166015625,-0.44016340374946594,162.08854930934248,1794.260986328125,197779.421875,0.19089948564708775
-0.9355767965316772,0.0010000000474974513,0.0,162.3433380126953,-0.4418689012527466,162.34393935478508,1794.202880859375,197757.109375,0.19120334445467774
-0.9333429932594299,0.0010000000474974513,0.0,162.60499572753906,-0.44357213377952576,162.60560073930682,1794.1441650390625,197734.5,0.19151468251009982
-0.9311091303825378,0.0010000000474974513,0.0,162.86700439453125,-0.4452761113643646,162.86761308272315,1794.0855712890625,197711.890625,0.19182641988611
-0.9288753271102905,0.0010000000474974513,0.0,163.12899780273438,-0.44698092341423035,163.12961017568335,1794.02685546875,197689.265625,0.19213814894012493
-0.9266414642333984,0.0010000000474974513,0.0,163.3909912109375,-0.4486866891384125,163.3916072772334,1793.96826171875,197666.65625,0.19244988630787668
-0.9244076609611511,0.0010000000474974513,0.0,163.65298461914062,-0.4503932595252991,163.6536043869517,1793.90966796875,197644.03125,0.1927616153535919
-0.922173798084259,0.0010000000474974513,0.0,163.91497802734375,-0.45210081338882446,163.9156015053175,1793.8509521484375,197621.40625,0.19307335271300197
-0.9199399948120117,0.0010000000474974513,0.0,164.1803436279297,-0.4537845253944397,164.18097074320326,1793.7919921875,197598.578125,0.1933890954354996
-0.9177061319351196,0.0010000000474974513,0.0,164.44944763183594,-0.4554416835308075,164.45007830202772,1793.732666015625,197575.5,0.19370931412332504
-0.9154723286628723,0.0010000000474974513,0.0,164.7185516357422,-0.45709970593452454,164.71918586830688,1793.67333984375,197552.40625,0.19402952427022696
-0.9132384657859802,0.0010000000474974513,0.0,164.9876708984375,-0.458758682012558,164.988308701009,1793.614013671875,197529.328125,0.19434974296457722
-0.9110046625137329,0.0010000000474974513,0.0,165.25677490234375,-0.4604184627532959,165.25741628224966,1793.5546875,197506.25,0.1946699531180369
-0.9087707996368408,0.0010000000474974513,0.0,165.52587890625,-0.4620792269706726,165.5265238712471,1793.495361328125,197483.171875,0.19499017181897854
-0.9065369963645935,0.0010000000474974513,0.0,165.79544067382812,-0.463735431432724,165.7960892143697,1793.435791015625,197460.046875,0.19531092143322393
-0.9043031334877014,0.0010000000474974513,0.0,166.0718536376953,-0.46530959010124207,166.07250550188834,1793.3743896484375,197436.40625,0.19563993425853823
-0.9020693302154541,0.0010000000474974513,0.0,166.3482666015625,-0.4668846130371094,166.34892179568345,1793.31298828125,197412.765625,0.1959689383195524
-0.899835467338562,0.0010000000474974513,0.0,166.62469482421875,-0.4684605598449707,166.62535335464457,1793.2515869140625,197389.125,0.19629795117399285
-0.8976016640663147,0.0010000000474974513,0.0,166.90110778808594,-0.4700373411178589,166.9017696610564,1793.190185546875,197365.484375,0.1966269552642817
-0.8953678011894226,0.0010000000474974513,0.0,167.17752075195312,-0.4716150760650635,167.17818597397715,1793.128662109375,197341.84375,0.19695596814814803
-0.8931339979171753,0.0010000000474974513,0.0,167.4539337158203,-0.4731936454772949,167.45460229306468,1793.0672607421875,197318.1875,0.1972849722680135
-0.8909001350402832,0.0010000000474974513,0.0,167.7357635498047,-0.4746963381767273,167.73643524961852,1793.0042724609375,197293.984375,0.19762050074897833
-0.8886663317680359,0.0010000000474974513,0.0,168.01976013183594,-0.47616904973983765,168.0204348635118,1792.9405517578125,197269.546875,0.19795863018067025
-0.8864324688911438,0.0010000000474974513,0.0,168.3037567138672,-0.477642685174942,168.3044344826817,1792.8768310546875,197245.109375,0.19829676862788767
-0.8841986656188965,0.0010000000474974513,0.0,168.58775329589844,-0.47911715507507324,168.58843410687163,1792.813232421875,197220.6875,0.19863489804595869
-0.8819648027420044,0.0010000000474974513,0.0,168.8717498779297,-0.4805925488471985,168.87243373633262,1792.74951171875,197196.25,0.1989730364794841
-0.8797309994697571,0.0010000000474974513,0.0,169.15573120117188,-0.482068806886673,169.15641811216528,1792.685791015625,197171.8125,0.19931116588379236
-0.877497136592865,0.0010000000474974513,0.0,169.44297790527344,-0.4834991991519928,169.4436677273086,1792.6212158203125,197147.03125,0.1996532166811339
-0.8752633333206177,0.0010000000474974513,0.0,169.73451232910156,-0.4848685562610626,169.73520487251542,1792.5552978515625,197121.796875,0.20000043281110422
-0.8730294704437256,0.0010000000474974513,0.0,170.0260467529297,-0.48623883724212646,170.02674202206038,1792.4893798828125,197096.546875,0.2003476581512022
-0.8707956671714783,0.0010000000474974513,0.0,170.3175811767578,-0.4876099228858948,170.31827917560224,1792.4234619140625,197071.3125,0.20069487417158602
-0.8685618042945862,0.0010000000474974513,0.0,170.609130859375,-0.4889819324016571,170.60983159220794,1792.3575439453125,197046.0625,0.2010420994015196
-0.8663280010223389,0.0010000000474974513,0.0,170.90065002441406,-0.4903547763824463,170.90135349544187,1792.291748046875,197020.828125,0.20138931531116294
-0.8640941381454468,0.0010000000474974513,0.0,171.19371032714844,-0.4917084276676178,171.19441647657044,1792.225341796875,196995.40625,0.2017383656135441
-0.8618603348731995,0.0010000000474974513,0.0,171.492431640625,-0.4929872751235962,171.49314023152027,1792.1572265625,196969.34375,0.20209425860946692
-0.8596264719963074,0.0010000000474974513,0.0,171.79115295410156,-0.4942670166492462,171.79186399007162,1792.0889892578125,196943.28125,0.20245016103288366
-0.8573926687240601,0.0010000000474974513,0.0,172.08987426757812,-0.4955475926399231,172.09058775205406,1792.0208740234375,196917.21875,0.20280605389082496
-0.855158805847168,0.0010000000474974513,0.0,172.3885955810547,-0.496829092502594,172.38931151772601,1791.9527587890625,196891.15625,0.20316195617552504
-0.8529249429702759,0.0010000000474974513,0.0,172.6873321533203,-0.49811142683029175,172.6880505455566,1791.8846435546875,196865.078125,0.20351785839031267
-0.8506911396980286,0.0010000000474974513,0.0,172.9864044189453,-0.499390572309494,172.9871252571665,1791.81640625,196838.96875,0.2038741891780963
-0.8484572768211365,0.0010000000474974513,0.0,173.2920379638672,-0.5005978941917419,173.29276101419256,1791.7467041015625,196812.078125,0.2042383970846924
-0.8462234735488892,0.0010000000474974513,0.0,173.59765625,-0.5018060207366943,173.5983815154266,1791.6768798828125,196785.171875,0.2046025952374107
-0.8439896106719971,0.0010000000474974513,0.0,173.9032745361328,-0.5030150413513184,173.90400201985406,1791.607177734375,196758.28125,0.2049668030718809
-0.8417558073997498,0.0010000000474974513,0.0,174.20889282226562,-0.5042248964309692,174.2096225273042,1791.5374755859375,196731.375,0.20533100115208866
-0.8395219445228577,0.0010000000474974513,0.0,174.5145263671875,-0.5054357051849365,174.51525829684883,1791.4677734375,196704.484375,0.20569520891365714
-0.8372881412506104,0.0010000000474974513,0.0,174.8201446533203,-0.5066472887992859,174.8208788105216,1791.39794921875,196677.578125,0.2060594069205731
-0.8350542783737183,0.0010000000474974513,0.0,175.1321563720703,-0.50780189037323,175.1328925653064,1791.3260498046875,196650.09375,0.20643135864613466
-0.832820475101471,0.0010000000474974513,0.0,175.44444274902344,-0.5089547038078308,175.44518097230795,1791.25390625,196622.578125,0.2068036471280455
-0.8305866122245789,0.0010000000474974513,0.0,175.75674438476562,-0.5101084113121033,175.75748464097663,1791.1817626953125,196595.0625,0.20717594553149743
-0.8283528089523315,0.0010000000474974513,0.0,176.06903076171875,-0.5112630128860474,176.06977305386468,1791.1097412109375,196567.546875,0.20754823398885336
-0.8261189460754395,0.0010000000474974513,0.0,176.38133239746094,-0.5124184489250183,176.38207672825038,1791.03759765625,196540.03125,0.20792053236761623
-0.8238851428031921,0.0010000000474974513,0.0,176.69361877441406,-0.5135747790336609,176.69436514685924,1790.965576171875,196512.515625,0.2082928208001497
-0.8216512799263,0.0010000000474974513,0.0,177.01185607910156,-0.514683187007904,177.01260432904644,1790.8919677734375,196484.4375,0.20867228790639497
-0.8194174766540527,0.0010000000474974513,0.0,177.33058166503906,-0.5157883763313293,177.33133178124572,1790.818359375,196456.296875,0.20905234381752885
-0.8171836137771606,0.0010000000474974513,0.0,177.64932250976562,-0.516894519329071,177.65007449512322,1790.7447509765625,196428.171875,0.2094324098293205
-0.8149498105049133,0.0010000000474974513,0.0,177.96804809570312,-0.5180014371871948,177.96880195271143,1790.6710205078125,196400.046875,0.20981246565946232
-0.8127159476280212,0.0010000000474974513,0.0,178.28677368164062,-0.519109308719635,178.2875294132569,1790.597412109375,196371.90625,0.21019253158981543
-0.8104821443557739,0.0010000000474974513,0.0,178.60549926757812,-0.520218014717102,178.60625687641428,1790.5238037109375,196343.78125,0.2105725873380732
-0.8082482814788818,0.0010000000474974513,0.0,178.9301300048828,-0.5212770104408264,178.93088932122893,1790.4493408203125,196315.140625,0.21095973250070368
-0.8060144782066345,0.0010000000474974513,0.0,179.2550506591797,-0.5223342180252075,179.25581167666613,1790.3748779296875,196286.484375,0.2113472447276861
-0.8037806153297424,0.0010000000474974513,0.0,179.57998657226562,-0.5233923196792603,179.58074929350138,1790.3004150390625,196257.8125,0.21173476726572807
-0.8015468120574951,0.0010000000474974513,0.0,179.90492248535156,-0.5244512557983398,179.90568691283792,1790.2259521484375,196229.15625,0.21212227943466808
-0.799312949180603,0.0010000000474974513,0.0,180.2298583984375,-0.5255110859870911,180.2306245348507,1790.1514892578125,196200.484375,0.21250980191434415
-0.7970791459083557,0.0010000000474974513,0.0,180.5550079345703,-0.526569664478302,180.55577577542152,1790.076904296875,196171.796875,0.21289758461184233
-0.7948452830314636,0.0010000000474974513,0.0,180.8861541748047,-0.5275730490684509,180.8869235336632,1790.0008544921875,196142.59375,0.21329261893377172
-0.7926114797592163,0.0010000000474974513,0.0,181.21728515625,-0.5285772085189819,181.2180560354486,1789.9248046875,196113.375,0.21368764268246945
-0.7903776168823242,0.0010000000474974513,0.0,181.54843139648438,-0.5295823216438293,181.54920379874815,1789.8486328125,196084.171875,0.214082676938615
-0.7881438136100769,0.0010000000474974513,0.0,181.8795623779297,-0.5305882692337036,181.88033630576635,1789.7725830078125,196054.953125,0.21447770062116236
-0.7859099507331848,0.0010000000474974513,0.0,182.21070861816406,-0.5315951108932495,182.21148407412582,1789.696533203125,196025.734375,0.2148727348107848
-0.7836761474609375,0.0010000000474974513,0.0,182.54298400878906,-0.5325912237167358,182.54376095677605,1789.6199951171875,195996.390625,0.21526915734171317
-0.7814422845840454,0.0010000000474974513,0.0,182.88043212890625,-0.5335361361503601,182.8812103975257,1789.54150390625,195966.453125,0.21567187105266067
-0.7792084813117981,0.0010000000474974513,0.0,183.21788024902344,-0.5344818830490112,183.21865984071817,1789.4630126953125,195936.515625,0.21607457398550642
-0.776974618434906,0.0010000000474974513,0.0,183.55532836914062,-0.5354285836219788,183.55610928670066,1789.384521484375,195906.578125,0.216477287630736
-0.7747408151626587,0.0010000000474974513,0.0,183.89276123046875,-0.5363760590553284,183.8935434762268,1789.30615234375,195876.640625,0.21687999049749357
-0.7725069522857666,0.0010000000474974513,0.0,184.23020935058594,-0.5373244881629944,184.2309929272659,1789.2276611328125,195846.703125,0.21728270407625816
-0.7702731490135193,0.0010000000474974513,0.0,184.5702362060547,-0.5382482409477234,184.57102103073413,1789.1485595703125,195816.46875,0.21768852810349057
-0.7680392861366272,0.0010000000474974513,0.0,184.91433715820312,-0.5391325354576111,184.91512309854056,1789.068359375,195785.78125,0.21809930180128062
-0.7658054828643799,0.0010000000474974513,0.0,185.25843811035156,-0.5400176644325256,185.25922516885592,1788.9881591796875,195755.109375,0.2185100645173187
-0.7635716199874878,0.0010000000474974513,0.0,185.6025390625,-0.5409036874771118,185.6033272418519,1788.907958984375,195724.421875,0.2189208381722724
-0.7613378167152405,0.0010000000474974513,0.0,185.94664001464844,-0.5417905449867249,185.94742931735274,1788.8277587890625,195693.75,0.2193316008452299
-0.7591039538383484,0.0010000000474974513,0.0,186.29074096679688,-0.5426782965660095,186.2915313955301,1788.74755859375,195663.0625,0.21974237445685463
-0.7568701505661011,0.0010000000474974513,0.0,186.639404296875,-0.5435267090797424,186.64019571779238,1788.666259765625,195631.890625,0.22015866656413327
-0.754636287689209,0.0010000000474974513,0.0,186.9905242919922,-0.5443544387817383,186.99131663462114,1788.5843505859375,195600.453125,0.22057793855653146
-0.7524024844169617,0.0010000000474974513,0.0,187.34164428710938,-0.5451830625534058,187.34243755425388,1788.50244140625,195569.015625,0.22099719935522122
-0.7501686215400696,0.0010000000474974513,0.0,187.69277954101562,-0.5460125207901001,187.6935737352378,1788.42041015625,195537.578125,0.2214164713344632
-0.7479348182678223,0.0010000000474974513,0.0,188.0438995361328,-0.5468428134918213,188.04469466012029,1788.3385009765625,195506.140625,0.22183573211992086
-0.7457009553909302,0.0010000000474974513,0.0,188.39501953125,-0.5476740598678589,188.3958155879687,1788.256591796875,195474.6875,0.2222550040858537
-0.7434671521186829,0.0010000000474974513,0.0,188.75340270996094,-0.5484585762023926,188.75419953314548,1788.1712646484375,195442.171875,0.2226831607112681
-0.7412332892417908,0.0010000000474974513,0.0,189.1120147705078,-0.5492426156997681,189.11281235815744,1788.0859375,195409.625,0.2231115866747148
-0.7389994859695435,0.0010000000474974513,0.0,189.4706268310547,-0.5500275492668152,189.47142518611543,1788.00048828125,195377.0625,0.22354000118434944
-0.7367656230926514,0.0010000000474974513,0.0,189.8292236328125,-0.5508133172988892,189.83002275811603,1787.9151611328125,195344.515625,0.2239684271028372
-0.734531819820404,0.0010000000474974513,0.0,190.18783569335938,-0.5515999794006348,190.18863559177646,1787.8297119140625,195311.953125,0.2243968415672507
-0.732297956943512,0.0010000000474974513,0.0,190.54922485351562,-0.552378237247467,190.55002548935187,1787.7431640625,195278.984375,0.22482867239427035
-0.7300641536712646,0.0010000000474974513,0.0,190.91578674316406,-0.5531402230262756,190.9165880479421,1787.654296875,195245.203125,0.225266810731447
-0.7278302907943726,0.0010000000474974513,0.0,191.2823486328125,-0.5539031028747559,191.2831506095929,1787.5654296875,195211.421875,0.22570496068207058
-0.7255964875221252,0.0010000000474974513,0.0,191.64889526367188,-0.5546668767929077,191.6496979155722,1787.4764404296875,195177.65625,0.22614309886396877
-0.7233626246452332,0.0010000000474974513,0.0,192.0154571533203,-0.555431604385376,192.01626048349587,1787.3875732421875,195143.875,0.2265812486583906
-0.7211288213729858,0.0010000000474974513,0.0,192.38201904296875,-0.5561971664428711,192.38282305428712,1787.2987060546875,195110.109375,0.2270193866831648
-0.7188949584960938,0.0010000000474974513,0.0,192.75514221191406,-0.5569671988487244,192.75594689035097,1787.2076416015625,195075.40625,0.2274655186073811
-0.7166611552238464,0.0010000000474974513,0.0,193.13006591796875,-0.5577390789985657,193.13087126184462,1787.115966796875,195040.453125,0.22791382381292008
-0.7144272923469543,0.0010000000474974513,0.0,193.50498962402344,-0.5585119724273682,193.5057956367632,1787.0242919921875,195005.5,0.22836214095536891
-0.712193489074707,0.0010000000474974513,0.0,193.87989807128906,-0.5592857599258423,193.88070475602953,1786.9326171875,194970.5625,0.22881044611029333
-0.7099596261978149,0.0010000000474974513,0.0,194.25482177734375,-0.5600605010986328,194.25562913725943,1786.8409423828125,194935.609375,0.229258763201823
-0.7077258229255676,0.0010000000474974513,0.0,194.6321563720703,-0.5608475208282471,194.63296443301596,1786.748291015625,194900.25,0.22971002343538172
-0.7054919600486755,0.0010000000474974513,0.0,195.01583862304688,-0.5616652965545654,195.0166474477387,1786.65283203125,194863.859375,0.2301690473812346
-0.7032581567764282,0.0010000000474974513,0.0,195.39950561523438,-0.5624840259552002,195.40031520690405,1786.557373046875,194827.46875,0.2306280590345983
-0.7010242938995361,0.0010000000474974513,0.0,195.78318786621094,-0.5633037686347961,195.78399822812847,1786.4620361328125,194791.078125,0.23108708289084845
-0.6987904906272888,0.0010000000474974513,0.0,196.16685485839844,-0.5641245245933533,196.16766599395325,1786.3665771484375,194754.6875,0.23154609445406965
-0.6965566277503967,0.0010000000474974513,0.0,196.550537109375,-0.5649463534355164,196.5513490219949,1786.2711181640625,194718.296875,0.23200511821962827
-0.6943228244781494,0.0010000000474974513,0.0,196.94154357910156,-0.5658338665962219,196.94235642767086,1786.1727294921875,194680.765625,0.23247309124385607
-0.6920889616012573,0.0010000000474974513,0.0,197.33413696289062,-0.5667364597320557,197.33495078445597,1786.0736083984375,194642.984375,0.2329430120794853
-0.68985515832901,0.0010000000474974513,0.0,197.72671508789062,-0.5676400661468506,197.72752988568024,1785.9744873046875,194605.203125,0.2334129203434988
-0.6876212954521179,0.0010000000474974513,0.0,198.1193084716797,-0.568544864654541,198.1201242493041,1785.8753662109375,194567.4375,0.23388284111284904
-0.6853874921798706,0.0010000000474974513,0.0,198.5118865966797,-0.5694507360458374,198.51270335752773,1785.7762451171875,194529.65625,0.23435274931017935
-0.6831536293029785,0.0010000000474974513,0.0,198.90835571289062,-0.5704053044319153,198.9091735808511,1785.675537109375,194491.34375,0.23482740689945392
-0.6809198260307312,0.0010000000474974513,0.0,199.31007385253906,-0.5714256763458252,199.31089299485907,1785.57275390625,194452.328125,0.23530849483426405
-0.6786859631538391,0.0010000000474974513,0.0,199.71180725097656,-0.5724472999572754,199.7126276712678,1785.4698486328125,194413.328125,0.2357895955548713
-0.6764521598815918,0.0010000000474974513,0.0,200.113525390625,-0.5734700560569763,200.11434709227998,1785.3670654296875,194374.3125,0.23627068338719304
-0.6742182970046997,0.0010000000474974513,0.0,200.5152587890625,-0.5744941234588623,200.51608177585805,1785.26416015625,194335.296875,0.23675178400467525
-0.6719844937324524,0.0010000000474974513,0.0,200.91770935058594,-0.5755302906036377,200.91853365431953,1785.1610107421875,194296.171875,0.23723377290126274
-0.6697506308555603,0.0010000000474974513,0.0,201.32872009277344,-0.5766947865486145,201.32954604595707,1785.0543212890625,194255.828125,0.2377262336271302
-0.667516827583313,0.0010000000474974513,0.0,201.7397003173828,-0.5778605937957764,201.74052792389853,1784.9476318359375,194215.484375,0.2382186811210669
-0.6652829647064209,0.0010000000474974513,0.0,202.1507110595703,-0.5790277719497681,202.1515403232203,1784.8409423828125,194175.140625,0.23871114166248325
-0.6630491614341736,0.0010000000474974513,0.0,202.56170654296875,-0.5801962614059448,202.56253746757207,1784.7342529296875,194134.78125,0.2392035889708206
-0.6608152985572815,0.0010000000474974513,0.0,202.97271728515625,-0.5813661217689514,202.97354987457726,1784.6275634765625,194094.4375,0.23969604932546998
-0.6585814952850342,0.0010000000474974513,0.0,203.3909149169922,-0.5826584696769714,203.3917494926071,1784.5191650390625,194053.171875,0.24019725872546605
-0.6563476324081421,0.0010000000474974513,0.0,203.8110809326172,-0.5839846730232239,203.81191758339392,1784.4102783203125,194011.640625,0.24070082792930658
-0.6541138291358948,0.0010000000474974513,0.0,204.23121643066406,-0.5853123664855957,204.23205516107188,1784.3013916015625,193970.125,0.24120438366091185
-0.6518799662590027,0.0010000000474974513,0.0,204.6513671875,-0.5866415500640869,204.6522080018225,1784.192626953125,193928.609375,0.2417079527928428
-0.6496461629867554,0.0010000000474974513,0.0,205.07151794433594,-0.5879722237586975,205.07236084692155,1784.083740234375,193887.078125,0.24221150845208528
-0.6474123001098633,0.0010000000474974513,0.0,205.49673461914062,-0.589392364025116,205.49757984581785,1783.9732666015625,193845.015625,0.24272127014988132
-0.645178496837616,0.0010000000474974513,0.0,205.9260711669922,-0.590885579586029,205.92691891066912,1783.8614501953125,193802.484375,0.24323605530371364
-0.6429446339607239,0.0010000000474974513,0.0,206.3554229736328,-0.5923804044723511,206.35627323919792,1783.74951171875,193759.96875,0.24375085415401726
-0.6407108306884766,0.0010000000474974513,0.0,206.78475952148438,-0.5938768982887268,206.78561231412704,1783.6376953125,193717.4375,0.2442656392284838
-0.6384769678115845,0.0010000000474974513,0.0,207.214111328125,-0.5953750610351562,207.2149666529131,1783.52587890625,193674.921875,0.2447804379989117
-0.6362431645393372,0.0010000000474974513,0.0,207.64686584472656,-0.5969316363334656,207.64772385585238,1783.412841796875,193632.0625,0.24529940954597507
-0.6340093016624451,0.0010000000474974513,0.0,208.08555603027344,-0.598588228225708,208.0864169913429,1783.2979736328125,193588.609375,0.2458256202421052
-0.6317754983901978,0.0010000000474974513,0.0,208.5242156982422,-0.6002464294433594,208.52507961476263,1783.1829833984375,193545.15625,0.24635181686180682
-0.6295416355133057,0.0010000000474974513,0.0,208.96290588378906,-0.6019065380096436,208.963772761878,1783.0679931640625,193501.703125,0.24687802748589072
-0.6273078322410583,0.0010000000474974513,0.0,209.4015655517578,-0.6035683155059814,209.4024353971047,1782.9530029296875,193458.265625,0.24740422403308215
-0.6250739693641663,0.0010000000474974513,0.0,209.84243774414062,-0.6052641868591309,209.84331064663326,1782.8375244140625,193414.625,0.24793308523961097
-0.622840166091919,0.0010000000474974513,0.0,210.29039001464844,-0.6070670485496521,210.29126625448424,1782.720458984375,193370.34375,0.2484705856308168
-0.6206063032150269,0.0010000000474974513,0.0,210.7383575439453,-0.6088718771934509,210.739237127979,1782.603271484375,193326.0625,0.2490081003665856
-0.6183724999427795,0.0010000000474974513,0.0,211.1863250732422,-0.6106785535812378,211.18720800805366,1782.4862060546875,193281.78125,0.24954560076265264
-0.6161386370658875,0.0010000000474974513,0.0,211.63429260253906,-0.6124871373176575,211.63517889488622,1782.369140625,193237.515625,0.25008311550331475
-0.6139048337936401,0.0010000000474974513,0.0,212.0836944580078,-0.6143161654472351,212.0845841623307,1782.251708984375,193193.109375,0.25062236349544253
-0.611670970916748,0.0010000000474974513,0.0,212.54100036621094,-0.6162490248680115,212.5418937516327,1782.13232421875,193147.984375,0.25117124519417516
-0.6094371676445007,0.0010000000474974513,0.0,212.998291015625,-0.6181838512420654,212.99918808965168,1782.0130615234375,193102.859375,0.2517201122993193
-0.6072033047676086,0.0010000000474974513,0.0,213.45559692382812,-0.6201207637786865,213.45649769418932,1781.8936767578125,193057.734375,0.2522689941020948
-0.6049695014953613,0.0010000000474974513,0.0,213.9128875732422,-0.62205970287323,213.91379204762953,1781.7744140625,193012.609375,0.2528178613119669
-0.6027356386184692,0.0010000000474974513,0.0,214.37136840820312,-0.6240136623382568,214.37227662703108,1781.6549072265625,192967.390625,0.25336818996945293
-0.6005018353462219,0.0010000000474974513,0.0,214.83824157714844,-0.6260608434677124,214.83915377821825,1781.533447265625,192921.5,0.2539287099271444
-0.5982679724693298,0.0010000000474974513,0.0,215.30511474609375,-0.6281102299690247,215.30603093803384,1781.4119873046875,192875.609375,0.254489244863614
-0.5960341691970825,0.0010000000474974513,0.0,215.77198791503906,-0.630161702632904,215.7729081061365,1781.2906494140625,192829.71875,0.2550497648662661
-0.5938003063201904,0.0010000000474974513,0.0,216.23886108398438,-0.6322154402732849,216.23978528305472,1781.169189453125,192783.8125,0.2556102998479983
-0.5915665030479431,0.0010000000474974513,0.0,216.70713806152344,-0.6342827677726746,216.70806630452333,1781.0474853515625,192737.8125,0.25617254138234213
-0.589332640171051,0.0010000000474974513,0.0,217.18374633789062,-0.6364198327064514,217.18467879563852,1780.923828125,192691.15625,0.2567449341599462
-0.5870988368988037,0.0010000000474974513,0.0,217.66033935546875,-0.638559103012085,217.6612760370247,1780.8001708984375,192644.484375,0.257317311739769
-0.5848649740219116,0.0010000000474974513,0.0,218.13694763183594,-0.6407006978988647,218.13788854648482,1780.676513671875,192597.828125,0.25788970466785555
-0.5826311707496643,0.0010000000474974513,0.0,218.61354064941406,-0.642844557762146,218.6144858064041,1780.5528564453125,192551.15625,0.258462082399174
-0.5803973078727722,0.0010000000474974513,0.0,219.0923309326172,-0.6450019478797913,219.09328036478027,1780.4288330078125,192504.328125,0.2590371187609456
-0.5781635046005249,0.0010000000474974513,0.0,219.57899475097656,-0.6472022533416748,219.57994855315482,1780.3037109375,192456.875,0.25962171300998743
-0.5759296417236328,0.0010000000474974513,0.0,220.065673828125,-0.6494050025939941,220.0666320101348,1780.1785888671875,192409.4375,0.26020632298609353
-0.5736958384513855,0.0010000000474974513,0.0,220.55235290527344,-0.6516100168228149,220.5533154764768,1780.053466796875,192361.984375,0.2607909174926392
-0.5714619755744934,0.0010000000474974513,0.0,221.03903198242188,-0.6538174748420715,221.03999895271565,1779.9283447265625,192314.546875,0.26137552772801664
-0.5692281723022461,0.0010000000474974513,0.0,221.5292510986328,-0.6560366749763489,221.53022248993483,1779.8021240234375,192266.796875,0.26196446821901964
-0.566994309425354,0.0010000000474974513,0.0,222.02645874023438,-0.6582767367362976,222.02743458633918,1779.673828125,192218.453125,0.26256196897686795
-0.5647605061531067,0.0010000000474974513,0.0,222.52365112304688,-0.6605191230773926,222.52463143356385,1779.5455322265625,192170.109375,0.26315945385435713
-0.5625266432762146,0.0010000000474974513,0.0,223.02085876464844,-0.6627640724182129,223.02184354976745,1779.4171142578125,192121.765625,0.26375695473733435
-0.5602928400039673,0.0010000000474974513,0.0,223.51805114746094,-0.665011465549469,223.5190404171606,1779.288818359375,192073.421875,0.2643544397408143
-0.5580589771270752,0.0010000000474974513,0.0,224.0207977294922,-0.6672648191452026,224.02179147952756,1779.1588134765625,192024.515625,0.26495872572478624
-0.5558251738548279,0.0010000000474974513,0.0,224.52891540527344,-0.6695240139961243,224.52991363173362,1779.027099609375,191975.046875,0.26556959193408175
-0.5535913109779358,0.0010000000474974513,0.0,225.03704833984375,-0.6717857122421265,225.03805105259943,1778.8953857421875,191925.59375,0.26618047451830346
-0.5513575077056885,0.0010000000474974513,0.0,225.545166015625,-0.6740499138832092,225.54617322469085,1778.7637939453125,191876.125,0.26679134087844714
-0.5491236448287964,0.0010000000474974513,0.0,226.0532989501953,-0.6763167977333069,226.05431066599297,1778.632080078125,191826.671875,0.26740222361457644
-0.5468898415565491,0.0010000000474974513,0.0,226.56983947753906,-0.6785792708396912,226.57085565161427,1778.49853515625,191776.375,0.2680233631464587
-0.544655978679657,0.0010000000474974513,0.0,227.089599609375,-0.680841863155365,227.09062022987405,1778.3642578125,191725.78125,0.2686484051724386
-0.5424221754074097,0.0010000000474974513,0.0,227.6093292236328,-0.6831070184707642,227.61035430056944,1778.22998046875,191675.1875,0.26927343072837157
-0.5401883125305176,0.0010000000474974513,0.0,228.12908935546875,-0.6853747963905334,228.1301188987701,1778.095703125,191624.578125,0.2698984731708791
-0.5379545092582703,0.0010000000474974513,0.0,228.64881896972656,-0.6876451373100281,228.64985298942497,1777.96142578125,191573.984375,0.2705234991462768
-0.5357206463813782,0.0010000000474974513,0.0,229.18069458007812,-0.6898977160453796,229.1817329698544,1777.82373046875,191522.125,0.2711633708704736
-0.5334868431091309,0.0010000000474974513,0.0,229.712646484375,-0.6921526789665222,229.71368925291858,1777.68603515625,191470.265625,0.27180334212158785
-0.5312529802322388,0.0010000000474974513,0.0,230.24459838867188,-0.6944103837013245,230.24564554610322,1777.5482177734375,191418.390625,0.272443330610914
-0.5290191769599915,0.0010000000474974513,0.0,230.77655029296875,-0.6966707110404968,230.7776018490589,1777.4105224609375,191366.515625,0.27308330218685417
-0.5267853140830994,0.0010000000474974513,0.0,231.3124542236328,-0.6989256143569946,231.31351014580758,1777.2713623046875,191314.15625,0.2737281292535267
-0.524551510810852,0.0010000000474974513,0.0,231.8572540283203,-0.7011646628379822,231.85831422969818,1777.1290283203125,191260.6875,0.2743838862024667
-0.52231764793396,0.0010000000474974513,0.0,232.4020538330078,-0.7034064531326294,232.40311832339637,1776.98681640625,191207.203125,0.2750396607743172
-0.5200838446617126,0.0010000000474974513,0.0,232.9468536376953,-0.7056508660316467,232.94792242655132,1776.844482421875,191153.734375,0.2756954179748091
-0.5178499817848206,0.0010000000474974513,0.0,233.4916534423828,-0.7078981399536133,233.49272653989533,1776.7022705078125,191100.25,0.2763511928000375
-0.5156161189079285,0.0010000000474974513,0.0,234.04556274414062,-0.7101297378540039,234.04664006233043,1776.556884765625,191045.5625,0.2770181549256818
-0.5133823156356812,0.0010000000474974513,0.0,234.60398864746094,-0.7123547792434692,234.60507014689495,1776.4097900390625,190990.25,0.2776906603007359
-0.5111484527587891,0.0010000000474974513,0.0,235.1624298095703,-0.7145827412605286,235.1635155002476,1776.2628173828125,190934.953125,0.27836318387198083
-0.5089146494865417,0.0010000000474974513,0.0,235.72084045410156,-0.7168134450912476,235.72193034570006,1776.1158447265625,190879.640625,0.27903568975227794
-0.5066807866096497,0.0010000000474974513,0.0,236.28038024902344,-0.7190454602241516,236.28147434150858,1775.9683837890625,190824.1875,0.2797095673390287
-0.5044469833374023,0.0010000000474974513,0.0,236.853271484375,-0.7212610244750977,236.85436966692524,1775.816650390625,190767.0,0.280399847161435
-0.5022131204605103,0.0010000000474974513,0.0,237.4261932373047,-0.7234795689582825,237.42729551979622,1775.6649169921875,190709.8125,0.2810901456634716
-0.49997931718826294,0.0010000000474974513,0.0,237.99908447265625,-0.725700855255127,238.00019086453247,1775.5130615234375,190652.640625,0.28178042600953324
-0.49774548411369324,0.0010000000474974513,0.0,238.57199096679688,-0.7279251217842102,238.57310147802568,1775.361328125,190595.453125,0.28247071582971883
-0.49551165103912354,0.0010000000474974513,0.0,239.15298461914062,-0.7301486730575562,239.1540992107969,1775.206298828125,190537.171875,0.28317099285137326
-0.49327781796455383,0.0010000000474974513,0.0,239.74114990234375,-0.732371985912323,239.74226854108102,1775.0484619140625,190477.9375,0.28388010802407415
-0.49104398488998413,0.0010000000474974513,0.0,240.32931518554688,-0.7345982193946838,240.33043788105132,1774.8907470703125,190418.703125,0.2845892234065404
-0.48881015181541443,0.0010000000474974513,0.0,240.91746520996094,-0.7368274331092834,240.91859197218244,1774.73291015625,190359.46875,0.28529833900034035
-0.4865763187408447,0.0010000000474974513,0.0,241.50611877441406,-0.73906010389328,241.50724961234303,1774.574951171875,190300.15625,0.28600806113365485
-0.484342485666275,0.0010000000474974513,0.0,242.11024475097656,-0.741309404373169,242.11137964377218,1774.409912109375,190238.640625,0.28673695397423743
-0.4821086525917053,0.0010000000474974513,0.0,242.71437072753906,-0.7435616850852966,242.71550968499068,1774.244873046875,190177.125,0.28746584696369026
-0.4798748195171356,0.0010000000474974513,0.0,243.31849670410156,-0.7458171248435974,243.31963973655638,1774.0799560546875,190115.59375,0.28819474010313745
-0.4776409864425659,0.0010000000474974513,0.0,243.92262268066406,-0.7480757236480713,243.92376979848012,1773.9149169921875,190054.078125,0.2889236333937144
-0.4754071533679962,0.0010000000474974513,0.0,244.5363006591797,-0.7503589391708374,244.53745189359915,1773.746337890625,189991.15625,0.28966431554875516
-0.4731733202934265,0.0010000000474974513,0.0,245.15699768066406,-0.7526612281799316,245.15815305782007,1773.5750732421875,189927.203125,0.29041367243264105
-0.4709394872188568,0.0010000000474974513,0.0,245.7777099609375,-0.7549667954444885,245.77886949146978,1773.4039306640625,189863.265625,0.29116302953915785
-0.4687056541442871,0.0010000000474974513,0.0,246.39842224121094,-0.7572756409645081,246.39958593584217,1773.232666015625,189799.3125,0.2919123868700078
-0.4664718210697174,0.0010000000474974513,0.0,247.02200317382812,-0.7595980763435364,247.02317106143775,1773.0604248046875,189734.953125,0.29266529765900645
-0.4642379879951477,0.0010000000474974513,0.0,247.66001892089844,-0.7619754672050476,247.66119110291058,1772.8829345703125,189668.515625,0.2934360133071033
-0.462004154920578,0.0010000000474974513,0.0,248.29803466796875,-0.7643563151359558,248.29921115571892,1772.705322265625,189602.078125,0.2942067291909552
-0.4597703218460083,0.0010000000474974513,0.0,248.93605041503906,-0.7667405605316162,248.93723121969126,1772.52783203125,189535.65625,0.29497744531238357
-0.4575364887714386,0.0010000000474974513,0.0,249.57406616210938,-0.7691283226013184,249.5752512952067,1772.3502197265625,189469.21875,0.29574816167322865
-0.4553026556968689,0.0010000000474974513,0.0,250.22645568847656,-0.771589457988739,250.22764530864453,1772.1666259765625,189400.765625,0.2965367010284571
-0.4530688226222992,0.0010000000474974513,0.0,250.88243103027344,-0.7740715742111206,250.8836251859852,1771.9815673828125,189331.796875,0.29732966737538413
-0.4508349895477295,0.0010000000474974513,0.0,251.53839111328125,-0.7765572667121887,251.539589816487,1771.79638671875,189262.84375,0.29812263396958083
-0.4486011564731598,0.0010000000474974513,0.0,252.19435119628906,-0.7790467143058777,252.19555445943186,1771.611328125,189193.875,0.29891560081298224
-0.4463673233985901,0.0010000000474974513,0.0,252.8591766357422,-0.7815943956375122,252.86038459732035,1771.423095703125,189123.6875,0.2997195144575782
-0.4441334903240204,0.0010000000474974513,0.0,253.5336151123047,-0.7842051386833191,253.53482792234638,1771.2314453125,189052.15625,0.30053530323449934
-0.4418996572494507,0.0010000000474974513,0.0,254.2080535888672,-0.7868198156356812,254.2092712606341,1771.039794921875,188980.625,0.30135109227363066
-0.439665824174881,0.0010000000474974513,0.0,254.88247680664062,-0.7894383072853088,254.8836993531142,1770.8480224609375,188909.09375,0.30216688157704596
-0.4374319911003113,0.0010000000474974513,0.0,255.56072998046875,-0.7920879125595093,255.56195748078642,1770.65478515625,188837.03125,0.3029874073411342
-0.4351981580257416,0.0010000000474974513,0.0,256.2540588378906,-0.7948487997055054,256.25529156586697,1770.455322265625,188762.890625,0.3038266698970736
-0.4329643249511719,0.0010000000474974513,0.0,256.9474182128906,-0.797613799571991,256.9486561825988,1770.2557373046875,188688.75,0.30466593271683473
-0.4307304918766022,0.0010000000474974513,0.0,257.6407470703125,-0.8003829717636108,257.6419902963223,1770.0562744140625,188614.59375,0.3055051958025265
-0.42849665880203247,0.0010000000474974513,0.0,258.3340759277344,-0.8031563758850098,258.335324424672,1769.856689453125,188540.453125,0.30634445915628006
-0.42626282572746277,0.0010000000474974513,0.0,259.0461120605469,-0.8060789704322815,259.04736620354197,1769.650634765625,188463.734375,0.30720686372376693
-0.42402899265289307,0.0010000000474974513,0.0,259.7587890625,-0.809010922908783,259.7600488795183,1769.4442138671875,188386.953125,0.3080700597685621
-0.42179515957832336,0.0010000000474974513,0.0,260.4714660644531,-0.8119473457336426,260.4727315713831,1769.2379150390625,188310.15625,0.30893325610068684
-0.41956132650375366,0.0010000000474974513,0.0,261.18414306640625,-0.8148882389068604,261.185414279157,1769.0316162109375,188233.359375,0.30979645272246886
-0.41732749342918396,0.0010000000474974513,0.0,261.9122314453125,-0.8179581165313721,261.9135086935062,1768.8199462890625,188154.546875,0.3106787488685566
-0.41509366035461426,0.0010000000474974513,0.0,262.6448059082031,-0.8210688829421997,262.6460893001611,1768.606689453125,188075.171875,0.3115665983574043
-0.41285982728004456,0.0010000000474974513,0.0,263.37738037109375,-0.8241843581199646,263.37866992411506,1768.3934326171875,187995.78125,0.31245444813588624
-0.41062599420547485,0.0010000000474974513,0.0,264.1099548339844,-0.8273046612739563,264.1112505657641,1768.18017578125,187916.390625,0.3133422982063745
-0.40839216113090515,0.0010000000474974513,0.0,264.8552551269531,-0.8305329084396362,264.85655731598456,1767.961669921875,187835.4375,0.31424598585564445
-0.40615832805633545,0.0010000000474974513,0.0,265.6081848144531,-0.8338280320167542,265.6094936360816,1767.7401123046875,187753.53125,0.3151591859239142
-0.40392449498176575,0.0010000000474974513,0.0,266.3611145019531,-0.8371282815933228,266.36242997555496,1767.5185546875,187671.625,0.31607238638965607
-0.40169066190719604,0.0010000000474974513,0.0,267.1140441894531,-0.8404335975646973,267.1153663342434,1767.2969970703125,187589.703125,0.31698558725616116
-0.39945682883262634,0.0010000000474974513,0.0,267.8778076171875,-0.843826949596405,267.879136660009,1767.0718994140625,187506.421875,0.31791219437529383
-0.39722299575805664,0.0010000000474974513,0.0,268.65167236328125,-0.8473030924797058,268.6530085186435,1766.8433837890625,187421.859375,0.31885134926163333
-0.39498916268348694,0.0010000000474974513,0.0,269.425537109375,-0.8507845997810364,269.42688039820825,1766.6148681640625,187337.28125,0.31979050438692086
-0.39275532960891724,0.0010000000474974513,0.0,270.19940185546875,-0.8542715907096863,270.20075229910776,1766.3863525390625,187252.703125,0.3207296597531571
-0.39052149653434753,0.0010000000474974513,0.0,270.9828186035156,-0.8578329086303711,270.984176393392,1766.154541015625,187166.96875,0.32168070788496395
-0.38828766345977783,0.0010000000474974513,0.0,271.7779846191406,-0.8614839911460876,271.77934998507305,1765.918701171875,187079.78125,0.32264631105502284
-0.38605383038520813,0.0010000000474974513,0.0,272.5731201171875,-0.8651408553123474,272.57449308238336,1765.682861328125,186992.59375,0.3236119145854558
-0.3838199973106384,0.0010000000474974513,0.0,273.3682861328125,-0.8688034415245056,273.36966672001347,1765.447021484375,186905.40625,0.3245775184793142
-0.3815861642360687,0.0010000000474974513,0.0,274.1728210449219,-0.8725305795669556,274.1742094168287,1765.2080078125,186817.09375,0.32555478545497046
-0.379352331161499,0.0010000000474974513,0.0,274.9901123046875,-0.8763433694839478,274.9915086744423,1764.964599609375,186727.25,0.3265479129242394
-0.3771184980869293,0.0010000000474974513,0.0,275.8074035644531,-0.8801622986793518,275.8088079569562,1764.72119140625,186637.421875,0.3275410408373931
-0.3748846650123596,0.0010000000474974513,0.0,276.62469482421875,-0.883987307548523,276.6261072642133,1764.477783203125,186547.578125,0.3285341691982325
-0.3726508319377899,0.0010000000474974513,0.0,277.4520263671875,-0.8878727555274963,277.4534470019944,1764.2310791015625,186456.453125,0.32953976637510524
-0.3704169988632202,0.0010000000474974513,0.0,278.2922058105469,-0.8918341398239136,278.2936348230637,1763.980224609375,186363.703125,0.33056133909309166
-0.3681831657886505,0.0010000000474974513,0.0,279.13238525390625,-0.8958019018173218,279.1338226703859,1763.729248046875,186270.953125,0.3315829122781791
-0.3659493327140808,0.0010000000474974513,0.0,279.9725646972656,-0.8997761011123657,279.9740105441873,1763.478271484375,186178.1875,0.3326044859344135
-0.3637154996395111,0.0010000000474974513,0.0,280.8243408203125,-0.9038079977035522,280.82579522910595,1763.2235107421875,186084.015625,0.3336405106828637
-0.3614816665649414,0.0010000000474974513,0.0,281.6880798339844,-0.9078991413116455,281.68954293939976,1762.96484375,185988.390625,0.3346913929048618
-0.3592478334903717,0.0010000000474974513,0.0,282.5517883300781,-0.9119970202445984,282.55326016008064,1762.7060546875,185892.75,0.3357422757819131
-0.357014000415802,0.0010000000474974513,0.0,283.41552734375,-0.9161016941070557,283.4170079262179,1762.447265625,185797.125,0.3367931593197584
-0.3547801673412323,0.0010000000474974513,0.0,284.2937316894531,-0.9202648997306824,284.29522114414874,1762.1832275390625,185699.625,0.33786214959581495
-0.3525463342666626,0.0010000000474974513,0.0,285.18212890625,-0.924471378326416,285.18362732602714,1761.915283203125,185600.828125,0.33894385260038545
-0.3503124713897705,0.0010000000474974513,0.0,286.070556640625,-0.9286849498748779,286.07206405451956,1761.6474609375,185502.015625,0.34002557063662614
-0.3480786383152008,0.0010000000474974513,0.0,286.9589538574219,-0.9329055547714233,286.96047029463847,1761.379638671875,185403.21875,0.34110727484711256
-0.3458448052406311,0.0010000000474974513,0.0,287.8658142089844,-0.9371833801269531,287.8673397641516,1761.104248046875,185302.0,0.34221215325445864
-0.3436109721660614,0.0010000000474974513,0.0,288.77984619140625,-0.9414877891540527,288.78138091918146,1760.8260498046875,185199.859375,0.34332598734922903
-0.3413771390914917,0.0010000000474974513,0.0,289.6938781738281,-0.9457995891571045,289.69542210441574,1760.5477294921875,185097.71875,0.34443982196730194
-0.339143306016922,0.0010000000474974513,0.0,290.60791015625,-0.9501187801361084,290.6094633198985,1760.26953125,184995.578125,0.3455536571133727
-0.3369094729423523,0.0010000000474974513,0.0,291.5455627441406,-0.954498827457428,291.54712521959334,1759.9818115234375,184890.34375,0.3466971809566119
-0.3346756398677826,0.0010000000474974513,0.0,292.4860534667969,-0.9588927626609802,292.4876252902202,1759.69287109375,184784.75,0.3478442278082574
-0.3324418067932129,0.0010000000474974513,0.0,293.4265441894531,-0.9632943868637085,293.42812539196177,1759.404052734375,184679.171875,0.348991275238131
-0.3302079737186432,0.0010000000474974513,0.0,294.3699645996094,-0.9677087068557739,294.3715552129937,1759.1142578125,184573.171875,0.3501419667866731
-0.3279741406440735,0.0010000000474974513,0.0,295.338134765625,-0.9721725583076477,295.3397348246957,1758.8155517578125,184463.703125,0.3513236685602834
-0.3257403075695038,0.0010000000474974513,0.0,296.30633544921875,-0.9766443371772766,296.3079449854598,1758.5169677734375,184354.25,0.35250537103534557
-0.3235064744949341,0.0010000000474974513,0.0,297.2745056152344,-0.9811241626739502,297.2761246609028,1758.21826171875,184244.78125,0.3536870742182886
-0.3212726414203644,0.0010000000474974513,0.0,298.2529602050781,-0.9856285452842712,298.25458879071954,1757.9156494140625,184133.84375,0.3548816712275589
-0.3190388083457947,0.0010000000474974513,0.0,299.2500915527344,-0.9901710748672485,299.2517297077452,1757.6058349609375,184020.203125,0.35609974778399106
-0.316804975271225,0.0010000000474974513,0.0,300.2472229003906,-0.9947218894958496,300.24887065738363,1757.2958984375,183906.5625,0.3573178250227589
-0.3145711421966553,0.0010000000474974513,0.0,301.244384765625,-0.9992810487747192,301.2460421572943,1756.986083984375,183792.921875,0.35853590295019355
-0.31233730912208557,0.0010000000474974513,0.0,302.2607727050781,-1.0038752555847168,302.2624397469849,1756.6673583984375,183676.515625,0.3597783128833637
-0.31010347604751587,0.0010000000474974513,0.0,303.28790283203125,-1.0084928274154663,303.28957954739326,1756.3438720703125,183558.578125,0.3610343166056421
-0.30786964297294617,0.0010000000474974513,0.0,304.31500244140625,-1.013119101524353,304.31668886412876,1756.020263671875,183440.640625,0.36229032085711127
-0.30563580989837646,0.0010000000474974513,0.0,305.3421325683594,-1.017754077911377,305.34382873206505,1755.6966552734375,183322.6875,0.3635463256427428
-0.30340197682380676,0.0010000000474974513,0.0,306.3995666503906,-1.0224486589431763,306.4012725900585,1755.3603515625,183200.390625,0.364840558372122
-0.30116814374923706,0.0010000000474974513,0.0,307.4580383300781,-1.0271540880203247,307.4597540805956,1755.023681640625,183077.9375,0.36613613588296695
-0.29893431067466736,0.0010000000474974513,0.0,308.5165100097656,-1.0318684577941895,308.5182356054825,1754.68701171875,182955.484375,0.36743171405525843
-0.29670047760009766,0.0010000000474974513,0.0,309.5856018066406,-1.0366100072860718,309.5873372834991,1754.345947265625,182831.390625,0.3687407034150837
-0.29446664452552795,0.0010000000474974513,0.0,310.676513671875,-1.0413978099822998,310.67825906669003,1753.9959716796875,182703.953125,0.3700772307540212
-0.29223281145095825,0.0010000000474974513,0.0,311.76739501953125,-1.0461950302124023,311.7691503681942,1753.64599609375,182576.53125,0.37141375887813266
-0.28999897837638855,0.0010000000474974513,0.0,312.8583068847656,-1.0510016679763794,312.8600722228841,1753.2960205078125,182449.09375,0.3727502877949599
-0.28776514530181885,0.0010000000474974513,0.0,313.9736328125,-1.0558730363845825,313.97540822387276,1752.9354248046875,182317.890625,0.3741177624115195
-0.28553131222724915,0.0010000000474974513,0.0,315.0981750488281,-1.0607750415802002,315.09996058836754,1752.57080078125,182185.25,0.3754969403378151
-0.28329747915267944,0.0010000000474974513,0.0,316.22271728515625,-1.065686821937561,316.2245129897591,1752.206298828125,182052.609375,0.37687611884928685
-0.28106364607810974,0.0010000000474974513,0.0,317.3528747558594,-1.0706217288970947,317.35468067557247,1751.839111328125,181919.125,0.37826244085904714
-0.27882981300354004,0.0010000000474974513,0.0,318.5124816894531,-1.075635313987732,318.51429792601607,1751.4580078125,181781.15625,0.37968627779170805
-0.27659597992897034,0.0010000000474974513,0.0,319.672119140625,-1.08065927028656,319.67394573270496,1751.076904296875,181643.1875,0.38111011517464016
-0.27436214685440063,0.0010000000474974513,0.0,320.83172607421875,-1.085693597793579,320.8335630608974,1750.69580078125,181505.21875,0.3825339530122678
-0.27212831377983093,0.0010000000474974513,0.0,322.0141296386719,-1.0908068418502808,322.0159771603229,1750.30419921875,181363.640625,0.38398683294871805
-0.26989448070526123,0.0010000000474974513,0.0,323.2099304199219,-1.095970869064331,323.21178857553537,1749.906494140625,181219.96875,0.3854567548054795
-0.26766064763069153,0.0010000000474974513,0.0,324.40570068359375,-1.1011457443237305,324.40756951397367,1749.5086669921875,181076.28125,0.38692667742181325
-0.2654268145561218,0.0010000000474974513,0.0,325.6065979003906,-1.1063469648361206,325.60847746929636,1749.108642578125,180931.765625,0.38840312493102797
-0.2631929814815521,0.0010000000474974513,0.0,326.8399658203125,-1.111656904220581,326.84185631356297,1748.6937255859375,180782.03125,0.3899210294543016
-0.2609591484069824,0.0010000000474974513,0.0,328.0733642578125,-1.1169780492782593,328.0752657171855,1748.2789306640625,180632.3125,0.39143893476620095
-0.2587253153324127,0.0010000000474974513,0.0,329.3067321777344,-1.122310757637024,329.30864464665177,1747.864013671875,180482.578125,0.3929568408746562
-0.256491482257843,0.0010000000474974513,0.0,330.56658935546875,-1.1277517080307007,330.56851305292537,1747.4365234375,180328.640625,0.3945086300082092
-0.2542576491832733,0.0010000000474974513,0.0,331.83905029296875,-1.1332504749298096,331.8409853468651,1747.0030517578125,180172.71875,0.39607659055102873
-0.2520238161087036,0.0010000000474974513,0.0,333.1115417480469,-1.138761281967163,333.113488203372,1746.569580078125,180016.796875,0.3976445516312959
-0.2497899830341339,0.0010000000474974513,0.0,334.3942565917969,-1.144320011138916,334.39621455672665,1746.131591796875,179859.21875,0.3992256080902322
-0.2475561499595642,0.0010000000474974513,0.0,335.707275390625,-1.1499967575073242,335.7092450957215,1745.6802978515625,179696.8125,0.40084539039153655
-0.2453223168849945,0.0010000000474974513,0.0,337.020263671875,-1.1556860208511353,337.0222451643792,1745.2288818359375,179534.390625,0.4024651733881376
-0.2430884838104248,0.0010000000474974513,0.0,338.3332824707031,-1.1613881587982178,338.33527579880877,1744.7774658203125,179371.96875,0.4040849570871954
-0.2408546507358551,0.0010000000474974513,0.0,339.6824951171875,-1.1672526597976685,339.6845006293486,1744.3092041015625,179203.640625,0.4057512680045003
-0.2386208176612854,0.0010000000474974513,0.0,341.0375061035156,-1.1731542348861694,341.03952389739857,1743.838134765625,179034.375,0.40742496946109075
-0.2363869845867157,0.0010000000474974513,0.0,342.3924865722656,-1.1790691614151,342.3945166985396,1743.3670654296875,178865.109375,0.40909867200525984
-0.234153151512146,0.0010000000474974513,0.0,343.7696533203125,-1.1850802898406982,343.77169598333893,1742.8846435546875,178692.140625,0.41080102952826925
-0.2319193184375763,0.0010000000474974513,0.0,345.1683654785156,-1.1911853551864624,345.1704208788183,1742.39111328125,178515.609375,0.41253121588546016
-0.2296854853630066,0.0010000000474974513,0.0,346.56707763671875,-1.1973044872283936,346.5691458276264,1741.897705078125,178339.078125,0.4142614030004757
-0.2274516522884369,0.0010000000474974513,0.0,347.9742431640625,-1.203474521636963,347.97632427584256,1741.400146484375,178161.15625,0.41600248689321595
-0.2252178192138672,0.0010000000474974513,0.0,349.4184875488281,-1.209820032119751,349.4205819716702,1740.8846435546875,177977.1875,0.4177914296290516
-0.22298398613929749,0.0010000000474974513,0.0,350.86273193359375,-1.2161803245544434,350.8648397239124,1740.3692626953125,177793.203125,0.4195803732120651
-0.22075015306472778,0.0010000000474974513,0.0,352.3069763183594,-1.2225556373596191,352.30909753350323,1739.853759765625,177609.21875,0.4213693176512904
-0.21851631999015808,0.0010000000474974513,0.0,353.79376220703125,-1.2291051149368286,353.79589720061614,1739.317138671875,177418.21875,0.4232133788489407
-0.21628248691558838,0.0010000000474974513,0.0,355.2854309082031,-1.2356884479522705,355.28757977386147,1738.7779541015625,177226.390625,0.4250637672035133
-0.21404865384101868,0.0010000000474974513,0.0,356.777099609375,-1.242287516593933,356.77926240737673,1738.23876953125,177034.578125,0.4269141565451372
-0.21181482076644897,0.0010000000474974513,0.0,358.300537109375,-1.2490425109863281,358.3027141957773,1737.6842041015625,176837.421875,0.4288056854820626
-0.20958098769187927,0.0010000000474974513,0.0,359.8416442871094,-1.2558919191360474,359.8438358896302,1737.12109375,176637.296875,0.43072018315215455
-0.20734715461730957,0.0010000000474974513,0.0,361.3827819824219,-1.2627580165863037,361.3849881652019,1736.557861328125,176437.171875,0.432634681907482
-0.20511332154273987,0.0010000000474974513,0.0,362.9455871582031,-1.2697187662124634,362.947808125849,1735.983642578125,176233.40625,0.4345773871821997
-0.20287948846817017,0.0010000000474974513,0.0,364.5384521484375,-1.2768043279647827,364.54068815986864,1735.3944091796875,176024.625,0.4365591755709979
-0.20064565539360046,0.0010000000474974513,0.0,366.13128662109375,-1.2839075326919556,366.13353774459125,1734.8050537109375,175815.828125,0.4385409650762765
-0.19841182231903076,0.0010000000474974513,0.0,367.7365417480469,-1.2910821437835693,367.7388081640487,1734.20947265625,175604.921875,0.4405389192106598
-0.19617798924446106,0.0010000000474974513,0.0,369.3834228515625,-1.2984559535980225,369.3857050095464,1733.5921630859375,175386.90625,0.4425912720250844
-0.19394415616989136,0.0010000000474974513,0.0,371.03033447265625,-1.3058483600616455,371.0326324446822,1732.974853515625,175168.890625,0.4446436257905758
-0.19171032309532166,0.0010000000474974513,0.0,372.6812438964844,-1.3132727146148682,372.6835577771762,1732.3555908203125,174950.1875,0.4467012520064314
-0.18947649002075195,0.0010000000474974513,0.0,374.3848876953125,-1.3208911418914795,374.38721784809974,1731.70947265625,174722.453125,0.4488277678242286
-0.18724265694618225,0.0010000000474974513,0.0,376.0885009765625,-1.3285290002822876,376.0908474771786,1731.063232421875,174494.734375,0.45095428486440203
-0.18500882387161255,0.0010000000474974513,0.0,377.7921447753906,-1.3361865282058716,377.7945077001886,1730.4171142578125,174267.0,0.45308080314077237
-0.18277499079704285,0.0010000000474974513,0.0,379.5518493652344,-1.3441028594970703,379.5542292862332,1729.7403564453125,174029.578125,0.45528107478799723
-0.18054115772247314,0.0010000000474974513,0.0,381.3148193359375,-1.3520535230636597,381.31721636182107,1729.061767578125,173791.59375,0.4574856502470518
-0.17830732464790344,0.0010000000474974513,0.0,383.07781982421875,-1.3600250482559204,383.08023403643324,1728.3831787109375,173553.609375,0.45969022719906105
-0.17607349157333374,0.0010000000474974513,0.0,384.8939208984375,-1.368180274963379,384.8963526221539,1727.676513671875,173306.21875,0.46196470006321144
-0.17383965849876404,0.0010000000474974513,0.0,386.7193908691406,-1.3763855695724487,386.721840230721,1726.9649658203125,173057.171875,0.46425149492959045
-0.17160582542419434,0.0010000000474974513,0.0,388.54486083984375,-1.384612798690796,388.5473279249979,1726.25341796875,172808.109375,0.4665382913853869
-0.16937199234962463,0.0010000000474974513,0.0,390.4221496582031,-1.3930785655975342,390.42463499582385,1725.5140380859375,172549.9375,0.46889347947665333
-0.16713815927505493,0.0010000000474974513,0.0,392.3135070800781,-1.4016257524490356,392.3160108792661,1724.7672119140625,172289.28125,0.47126722684859457
-0.16490432620048523,0.0010000000474974513,0.0,394.2048645019531,-1.4101961851119995,394.2073868540311,1724.0203857421875,172028.625,0.4736409758652073
-0.16267049312591553,0.0010000000474974513,0.0,396.1485290527344,-1.4189330339431763,396.15107022649823,1723.2452392578125,171758.703125,0.4760839671597495
-0.16043666005134583,0.0010000000474974513,0.0,398.1092834472656,-1.4277406930923462,398.11184359471395,1722.4608154296875,171485.734375,0.47854957201411485
-0.15820282697677612,0.0010000000474974513,0.0,400.0700378417969,-1.436572551727295,400.0726170577451,1721.6763916015625,171212.765625,0.4810151787971256
-0.15596899390220642,0.0010000000474974513,0.0,402.0858459472656,-1.4456592798233032,402.0884448002474,1720.8619384765625,170929.875,0.483553897325089
-0.15373516082763672,0.0010000000474974513,0.0,404.119873046875,-1.4548474550247192,404.12249179245117,1720.03759765625,170643.703125,0.4861167788694297
-0.15150132775306702,0.0010000000474974513,0.0,406.15386962890625,-1.4640612602233887,406.1565083682745,1719.2132568359375,170357.546875,0.48867966246276046
-0.14926749467849731,0.0010000000474974513,0.0,408.2483825683594,-1.4734541177749634,408.2510415623195,1718.353271484375,170060.359375,0.4913234461306354
-0.1470336616039276,0.0010000000474974513,0.0,410.3599853515625,-1.4829169511795044,410.3626647496318,1717.483154296875,169760.0625,0.49399009949100514
-0.1447998285293579,0.0010000000474974513,0.0,412.4715881347656,-1.4924068450927734,412.4742880430331,1716.6129150390625,169459.765625,0.4966567547522095
-0.1425659954547882,0.0010000000474974513,0.0,414.6519775390625,-1.5022165775299072,414.6546986731261,1715.703857421875,169146.984375,0.4994154298123226
-0.1403321623802185,0.0010000000474974513,0.0,416.8456726074219,-1.5121113061904907,416.84841519686296,1714.787109375,168831.796875,0.502191955730224
-0.1380983293056488,0.0010000000474974513,0.0,419.0393981933594,-1.522034764289856,419.04216235132776,1713.870361328125,168516.59375,0.5049684839216793
-0.1358644962310791,0.0010000000474974513,0.0,421.3139343261719,-1.5321751832962036,421.31672031642677,1712.907958984375,168186.40625,0.5078533801972233
-0.1336306631565094,0.0010000000474974513,0.0,423.5950012207031,-1.5423606634140015,423.59780917231325,1711.9420166015625,167855.0,0.5107470539463276
-0.1313968300819397,0.0010000000474974513,0.0,425.87994384765625,-1.5525935888290405,425.8827739161739,1710.9737548828125,167522.859375,0.5136459824183897
-0.12916299700737,0.0010000000474974513,0.0,428.2537536621094,-1.5632497072219849,428.25660680873773,1709.952392578125,167174.25,0.5166648626196052
-0.1269291639328003,0.0010000000474974513,0.0,430.6275634765625,-1.5739377737045288,430.63043982732614,1708.93115234375,166825.640625,0.5196837452673895
-0.12469532340765,0.0010000000474974513,0.0,433.02008056640625,-1.5846985578536987,433.0229802715512,1707.8985595703125,166473.53125,0.5227279342085437
-0.12246149033308029,0.0010000000474974513,0.0,435.4932556152344,-1.5956671237945557,435.49617890393233,1706.8172607421875,166106.3125,0.5258814806577828
-0.12022765725851059,0.0010000000474974513,0.0,437.9664611816406,-1.606669306755066,437.9694081853558,1705.7359619140625,165739.109375,0.5290350299275248
-0.11799382418394089,0.0010000000474974513,0.0,440.4779968261719,-1.6178834438323975,440.48096807334923,1704.6319580078125,165364.65625,0.5322406484650992
-0.11575999110937119,0.0010000000474974513,0.0,443.0569763183594,-1.6294459104537964,443.059972642917,1703.4879150390625,164977.453125,0.5355378545076624
-0.11352615803480148,0.0010000000474974513,0.0,445.63592529296875,-1.6410443782806396,445.6389468374279,1702.34375,164590.25,0.5388350635520538
-0.11129232496023178,0.0010000000474974513,0.0,448.27935791015625,-1.6528061628341675,448.28240484827626,1701.159423828125,164190.71875,0.542220411662389
-0.10905849188566208,0.0010000000474974513,0.0,450.97235107421875,-1.6647030115127563,450.97542357596933,1699.944091796875,163781.734375,0.5456734802287183
-0.10682465881109238,0.0010000000474974513,0.0,453.6653137207031,-1.6766375303268433,453.66841193399404,1698.728759765625,163372.75,0.5491265519233619
-0.10459082573652267,0.0010000000474974513,0.0,456.45556640625,-1.689087152481079,456.4586915797082,1697.4527587890625,162945.171875,0.5527130975373176
-0.10235699266195297,0.0010000000474974513,0.0,459.2706298828125,-1.7016984224319458,459.27378245494947,1696.1611328125,162512.875,0.5563337016611006
-0.10012315958738327,0.0010000000474974513,0.0,462.09307861328125,-1.7143628597259521,462.09625874087635,1694.864990234375,162079.15625,0.5599644840258748
-0.09788932651281357,0.0010000000474974513,0.0,465.04052734375,-1.7272822856903076,465.04373512202864,1693.4903564453125,161621.390625,0.5637674355178728
-0.09565549343824387,0.0010000000474974513,0.0,467.98797607421875,-1.7402440309524536,467.99121166890603,1692.1156005859375,161163.609375,0.5675703907634748
-0.09342166036367416,0.0010000000474974513,0.0,470.98443603515625,-1.7535014152526855,470.9877002157991,1690.7100830078125,160696.421875,0.571441140787456
-0.09118782728910446,0.0010000000474974513,0.0,474.07501220703125,-1.767288327217102,474.07830630300765,1689.2451171875,160211.125,0.575442049484159
-0.08895399421453476,0.0010000000474974513,0.0,477.16558837890625,-1.781121015548706,477.16891257191077,1687.780029296875,159725.84375,0.5794429618526836
-0.08672016113996506,0.0010000000474974513,0.0,480.3587951660156,-1.795136570930481,480.36214943379383,1686.24853515625,159220.421875,0.5835866832986851
-0.08448632806539536,0.0010000000474974513,0.0,483.6057434082031,-1.809270977973938,483.60912782832435,1684.68212890625,158704.46875,0.587805142101513
-0.08225249499082565,0.0010000000474974513,0.0,486.8526611328125,-1.823453664779663,486.85607589447704,1683.11572265625,158188.515625,0.5920236054264258
-0.08001866191625595,0.0010000000474974513,0.0,490.2691955566406,-1.8385990858078003,490.272643085818,1681.4371337890625,157639.453125,0.5964794192144743
-0.07778482884168625,0.0010000000474974513,0.0,493.6861267089844,-1.8537986278533936,493.6896072171988,1679.75830078125,157090.296875,0.6009358359442043
-0.07555099576711655,0.0010000000474974513,0.0,497.1719665527344,-1.8690983057022095,497.1754799408249,1678.0338134765625,156527.546875,0.6054890564861116
-0.07331716269254684,0.0010000000474974513,0.0,500.77752685546875,-1.8845347166061401,500.78107279985915,1676.2301025390625,155941.171875,0.6102104832425723
-0.07108332961797714,0.0010000000474974513,0.0,504.3830871582031,-1.900025486946106,504.38666587063,1674.426513671875,155354.8125,0.6149319149399773
-0.06884949654340744,0.0010000000474974513,0.0,508.14581298828125,-1.9164400100708008,508.1494268419807,1672.5172119140625,154737.6875,0.6198754895278642
-0.06661566346883774,0.0010000000474974513,0.0,511.958251953125,-1.9331878423690796,511.9619018619777,1670.5745849609375,154110.8125,0.624889386148698
-0.06438183039426804,0.0010000000474974513,0.0,515.8125610351562,-1.9499818086624146,515.8162468851683,1668.6031494140625,153475.625,0.6299628646348359
-0.062147993594408035,0.0010000000474974513,0.0,519.8575439453125,-1.9667750597000122,519.8612643782839,1666.5001220703125,152802.46875,0.6353076022307977
-0.05991416051983833,0.0010000000474974513,0.0,523.9024658203125,-1.983629584312439,523.906221072943,1664.397216796875,152129.3125,0.6406523372658186
-0.05768032744526863,0.0010000000474974513,0.0,528.1091918945312,-2.0014259815216064,528.1129843787731,1662.182861328125,151424.25,0.6462284760381809
-0.05544649437069893,0.0010000000474974513,0.0,532.4122924804688,-2.0198123455047607,532.4161237474117,1659.9022216796875,150700.140625,0.651942530830855
-0.05321266129612923,0.0010000000474974513,0.0,536.74462890625,-2.038205146789551,536.7484987775265,1657.600830078125,149970.1875,0.6576987325299917
-0.050978828221559525,0.0010000000474974513,0.0,541.3436889648438,-2.0561084747314453,541.3475936624502,1655.109619140625,149186.90625,0.6638394797236606
-0.04874499514698982,0.0010000000474974513,0.0,545.9427490234375,-2.0740795135498047,545.946688804957,1652.6182861328125,148403.609375,0.6699802341799828
-0.04651116207242012,0.0010000000474974513,0.0,550.7404174804688,-2.0930516719818115,550.7443947166985,1649.986572265625,147580.890625,0.6764090322994069
-0.04427732899785042,0.0010000000474974513,0.0,555.6724853515625,-2.112727403640747,555.6765017470727,1647.259765625,146731.5,0.6830327611891488
-0.042043495923280716,0.0010000000474974513,0.0,560.6511840820312,-2.132242202758789,560.655238688978,1644.4989013671875,145872.734375,0.6897245734934776
-0.039809662848711014,0.0010000000474974513,0.0,565.9737548828125,-2.150089979171753,565.9778388798173,1641.4874267578125,144944.59375,0.6969192971951785
-0.03757582977414131,0.0010000000474974513,0.0,571.29638671875,-2.168009042739868,571.3005003858381,1638.475830078125,144016.46875,0.7041140306549001
-0.03534199297428131,0.0010000000474974513,0.0,576.9155883789062,-2.1866331100463867,576.9197322669226,1635.24609375,143029.265625,0.7117463697092022
-0.03310815989971161,0.0010000000474974513,0.0,582.682861328125,-2.2056472301483154,582.6870358650815,1631.9073486328125,142012.578125,0.7195971840422191
-0.030874328687787056,0.0010000000474974513,0.0,588.57861328125,-2.2234573364257812,588.5828130132634,1628.4716796875,140969.921875,0.7276392440981861
-0.028640495613217354,0.0010000000474974513,0.0,594.8825073242188,-2.2372684478759766,594.8867143334578,1624.728271484375,139844.84375,0.736288798183032
-0.02640666253864765,0.0010000000474974513,0.0,601.1864013671875,-2.251140594482422,601.1906160468618,1620.9847412109375,138719.765625,0.7449383667578503
-0.0241728276014328,0.0010000000474974513,0.0,608.005126953125,-2.262608289718628,608.0093369328783,1616.8487548828125,137492.15625,0.7543635643327515
-0.021938994526863098,0.0010000000474974513,0.0,614.9246826171875,-2.273643970489502,614.928885928083,1612.6358642578125,136244.5,0.7639405711076807
-0.019705161452293396,0.0010000000474974513,0.0,622.1915283203125,-2.2785394191741943,622.195700447577,1608.1485595703125,134926.53125,0.7740474076506298
-0.017471328377723694,0.0010000000474974513,0.0,629.8704223632812,-2.2761075496673584,629.8745348350542,1603.3358154296875,133525.1875,0.7847827775492013
-0.015237495303153992,0.0010000000474974513,0.0,637.6383056640625,-2.271868944168091,637.6423529210053,1598.451904296875,132106.15625,0.795656264468099
-0.01300366222858429,0.0010000000474974513,0.0,646.1867065429688,-2.2517311573028564,646.1906297727115,1592.9456787109375,130532.203125,0.8077400503845364
-0.010769829154014587,0.0010000000474974513,0.0,654.7351684570312,-2.231529474258423,654.738971299442,1587.4395751953125,128958.2421875,0.8198238678979912
-0.00853599514812231,0.0010000000474974513,0.0,664.0877685546875,-2.1869943141937256,664.0913696834755,1581.240478515625,127218.171875,0.8331868901769222
-0.0063021620735526085,0.0010000000474974513,0.0,673.678955078125,-2.1350836753845215,673.6823384188243,1574.835693359375,125428.7890625,0.8469295541582604
-0.004068328998982906,0.0010000000474974513,0.0,682.72265625,-2.069392442703247,682.7257924980845,1568.7410888671875,123739.1015625,0.8599556924331334
-0.0018344956915825605,0.0010000000474974513,0.0,691.1321411132812,-1.9876909255981445,691.1349993995705,1563.0054931640625,122164.875,0.8721519070568549
0.00039933761581778526,0.0010000000474974513,0.0,702.5012817382812,-1.8703333139419556,702.5037715134583,1555.24462890625,120045.7265625,0.8886863118995341
0.002633170923218131,0.0010000000474974513,0.0,717.2693481445312,-1.6909453868865967,717.2713413234786,1544.9451904296875,117282.4453125,0.9103791735360257
0.004867004230618477,0.0010000000474974513,0.0,729.8138427734375,-1.4997150897979736,729.8153836752705,1535.9346923828125,114911.6640625,0.9290155171867429
0.007100837305188179,0.0010000000474974513,0.0,743.0139770507812,-1.263373851776123,743.0150511303982,1526.298828125,112413.4921875,0.9487994531020826
0.009334670379757881,0.0010000000474974513,0.0,756.8438110351562,-0.9888272881507874,756.8444569933938,1516.0372314453125,109795.21875,0.9697233299204815
0.011568504385650158,0.0010000000474974513,0.0,771.0570068359375,-0.6104470491409302,771.0572484818457,1505.275390625,107097.890625,0.9914575798852276
0.01380233746021986,0.0010000000474974513,0.0,785.8190307617188,-0.005942893214523792,785.8190307841908,1493.8275146484375,104278.6328125,1.0143024360152446
0.016036169603466988,0.0010000000474974513,0.0,801.3734741210938,0.6253959536552429,801.3737181521554,1481.54931640625,101316.28125,1.0386580620721015
0.01827000454068184,0.0010000000474974513,0.0,817.28173828125,1.2448277473449707,817.2826862990199,1468.7802734375,98299.9765625,1.0638750892995275
0.02050383761525154,0.0010000000474974513,0.0,833.4873657226562,1.9371551275253296,833.4896168455136,1455.5382080078125,95240.09375,1.0899007416626967
0.022737670689821243,0.0010000000474974513,0.0,849.9844360351562,2.7053794860839844,849.9887414431831,1441.8052978515625,92139.046875,1.1167601611213003
0.024971503764390945,0.0010000000474974513,0.0,866.6943969726562,3.537100315093994,866.7016146416455,1427.6331787109375,89014.390625,1.1443547718136513
0.027205336838960648,0.0010000000474974513,0.0,883.534423828125,4.421109199523926,883.5454851312699,1413.0843505859375,85885.0859375,1.1725800511729685
0.02943916991353035,0.0010000000474974513,0.0,900.4212646484375,5.347847938537598,900.4371456735141,1398.211669921875,82771.6484375,1.2013490770150947
0.03167300298810005,0.0010000000474974513,0.0,917.2816772460938,6.301754474639893,917.3033236181288,1383.1065673828125,79688.203125,1.2305094758931299
0.033906836062669754,0.0010000000474974513,0.0,934.0447387695312,7.274971961975098,934.0730695401134,1367.8076171875,76653.15625,1.2600023781735776
0.036140669137239456,0.0010000000474974513,0.0,950.6572265625,8.254902839660645,950.6930660504455,1352.389404296875,73676.1953125,1.2897081376398576
0.03837450221180916,0.0010000000474974513,0.0,967.0579223632812,9.232357025146484,967.1019913234725,1336.9000244140625,70772.265625,1.3195554234982845
0.04060833528637886,0.0010000000474974513,0.0,983.2218627929688,10.198709487915039,983.2747556757951,1321.3997802734375,67944.1015625,1.3494553809631233
0.04284216836094856,0.0010000000474974513,0.0,999.0743408203125,11.14484691619873,999.1365002332401,1305.935302734375,65210.28125,1.379339155977839
0.045076001435518265,0.0010000000474974513,0.0,1014.6334228515625,12.067255020141602,1014.7051795527599,1290.544189453125,62562.21875,1.4091501170432768
0.04730983451008797,0.0010000000474974513,0.0,1029.8433837890625,12.95845890045166,1029.9249083264183,1275.2718505859375,60013.328125,1.4388271922833449
0.04954367130994797,0.0010000000474974513,0.0,1044.6837158203125,13.814888000488281,1044.7750558041676,1260.1474609375,57565.87890625,1.4683211384859016
0.05177750438451767,0.0010000000474974513,0.0,1059.1719970703125,14.636404991149902,1059.273120459959,1245.1883544921875,55212.6875,1.4976071949117724
0.05401133745908737,0.0010000000474974513,0.0,1073.307373046875,15.420654296875,1073.4181448139059,1230.41845703125,52954.46484375,1.5266658136703624
0.056245170533657074,0.0010000000474974513,0.0,1087.023681640625,16.162336349487305,1087.1438292902244,1215.88232421875,50803.84765625,1.5554213787521198
0.058479003608226776,0.0010000000474974513,0.0,1100.36376953125,16.863746643066406,1100.4929855514133,1201.5787353515625,48747.73046875,1.5838769687184664
0.06071283668279648,0.0010000000474974513,0.0,1113.3408203125,17.526174545288086,1113.478759998727,1187.5123291015625,46783.0859375,1.6120330831320917
0.06294666975736618,0.0010000000474974513,0.0,1125.950927734375,18.149179458618164,1126.0971913564658,1173.694580078125,44907.9765625,1.6398661410146824
0.06518050283193588,0.0010000000474974513,0.0,1138.1959228515625,18.733537673950195,1138.3500798215377,1160.134033203125,43119.9609375,1.667361416802752
0.06741433590650558,0.0010000000474974513,0.0,1150.0899658203125,19.285343170166016,1150.2516480934764,1146.833984375,41415.83203125,1.6945248712491625
0.06964816898107529,0.0010000000474974513,0.0,1161.6474609375,19.80738639831543,1161.816317693323,1133.795166015625,39791.859375,1.7213650398975202
0.07188200205564499,0.0010000000474974513,0.0,1172.8863525390625,20.32071876525879,1173.062371565776,1121.002197265625,38245.41015625,1.7479219223368143
0.07411583513021469,0.0010000000474974513,0.0,1183.85205078125,20.840190887451172,1184.035468934608,1108.42041015625,36767.1640625,1.7742640246452583
0.0763496682047844,0.0010000000474974513,0.0,1194.5972900390625,21.38703155517578,1194.788722112581,1096.010009765625,35349.53125,1.8004896861264141
0.0785835012793541,0.0010000000474974513,0.0,1205.17236328125,21.987524032592773,1205.3729200666478,1083.733154296875,33985.44140625,1.82670087754969
0.0808173343539238,0.0010000000474974513,0.0,1215.5947265625,22.632299423217773,1215.8053957043214,1071.5657958984375,32670.212890625,1.8529414871293142
0.0830511674284935,0.0010000000474974513,0.0,1225.873779296875,23.3057861328125,1226.0952990835874,1059.4912109375,31401.154296875,1.8792373146866361
0.0852850005030632,0.0010000000474974513,0.0,1235.9842529296875,23.95997428894043,1236.2164672330184,1047.533447265625,30179.033203125,1.9055251977832826
0.0875188335776329,0.0010000000474974513,0.0,1245.7877197265625,24.475139617919922,1246.02811969908,1035.807861328125,29015.58203125,1.9314985740549786
0.0897526666522026,0.0010000000474974513,0.0,1255.10888671875,24.739126205444336,1255.3526762968997,1024.4647216796875,27921.05078125,1.9567075276507144
0.09198649972677231,0.0010000000474974513,0.0,1263.8604736328125,24.68851661682129,1264.1015859748363,1013.6182250976562,26901.9921875,1.9808667336770818
0.09422033280134201,0.0010000000474974513,0.0,1272.0450439453125,24.447633743286133,1272.279953713599,1003.283935546875,25955.98828125,2.0039280645923974
0.09645416587591171,0.0010000000474974513,0.0,1279.6639404296875,23.997894287109375,1279.8889402468676,993.4947509765625,25081.84375,2.025818733333557
0.09868799895048141,0.0010000000474974513,0.0,1286.720703125,23.366579055786133,1286.9328517320803,984.28173828125,24278.177734375,2.046470775589
0.10092183202505112,0.0010000000474974513,0.0,1293.2196044921875,22.646385192871094,1293.4178768693564,975.640869140625,23540.884765625,2.0658575422820884
0.10315566509962082,0.0010000000474974513,0.0,1299.1558837890625,21.89946174621582,1299.3404468454426,967.5540771484375,22865.013671875,2.083953514502271
0.10538949817419052,0.0010000000474974513,0.0,1304.40966796875,20.90565299987793,1304.5771836950453,960.171142578125,22261.00390625,2.1003765192065567
0.10762333124876022,0.0010000000474974513,0.0,1308.99609375,19.806264877319336,1309.145928298732,953.596435546875,21733.71875,2.1149916434124636
0.10985716432332993,0.0010000000474974513,0.0,1313.0338134765625,18.824298858642578,1313.1687437493797,947.5672607421875,21257.53125,2.1282268192955427
0.11209100484848022,0.0010000000474974513,0.0,1316.4696044921875,17.84365463256836,1316.5905269150553,942.1505126953125,20835.396484375,2.1398880282607147
0.11432483792304993,0.0010000000474974513,0.0,1319.2784423828125,16.763160705566406,1319.384937041825,937.432861328125,20472.18359375,2.149806669750885
0.11655867099761963,0.0010000000474974513,0.0,1321.3970947265625,15.567861557006836,1321.4887968746682,933.6658935546875,20185.9296875,2.157570060459752
0.11879250407218933,0.0010000000474974513,0.0,1323.113525390625,14.55438232421875,1323.1935728065064,930.6632080078125,19959.748046875,2.1638349695161034
0.12102633714675903,0.0010000000474974513,0.0,1324.63525390625,13.342905044555664,1324.7024530083363,928.0712890625,19765.4609375,2.1693247438774295
0.12326017022132874,0.0010000000474974513,0.0,1325.841552734375,11.70885944366455,1325.8932537525673,925.9774780273438,19608.935546875,2.1737278663476993
0.12549400329589844,0.0010000000474974513,0.0,1326.1832275390625,9.131763458251953,1326.2146666772248,924.9451293945312,19531.455078125,2.1754719121406065
0.12772783637046814,0.0010000000474974513,0.0,1325.6513671875,6.055222511291504,1325.6651964375278,925.358154296875,19560.86328125,2.174091464270613
0.12996166944503784,0.0010000000474974513,0.0,1324.6693115234375,2.6922874450683594,1324.672047453129,926.5349731445312,19646.458984375,2.171088941451334
0.13219550251960754,0.0010000000474974513,0.0,1323.32470703125,-0.9046227335929871,1323.3250162305683,928.3316650390625,19777.544921875,2.16678025584559
0.13442933559417725,0.0010000000474974513,0.0,1321.11328125,-4.446364879608154,1321.1207636154177,931.1578369140625,19986.203125,2.1598930245206684
0.13666316866874695,0.0010000000474974513,0.0,1318.396240234375,-7.792257785797119,1318.419267739036,934.6773071289062,20249.115234375,2.1514196372059047
0.13889700174331665,0.0010000000474974513,0.0,1315.240478515625,-10.862671852111816,1315.28533557011,938.796630859375,20559.54296875,2.1415782128227208
0.14113083481788635,0.0010000000474974513,0.0,1311.53369140625,-12.895681381225586,1311.5970883971916,943.6710815429688,20933.4375,2.130058056108977
0.14336466789245605,0.0010000000474974513,0.0,1308.132568359375,-14.104990005493164,1308.2086099493267,948.38037109375,21299.78125,2.1192728496571673
0.14559850096702576,0.0010000000474974513,0.0,1304.9637451171875,-14.7131929397583,1305.0466865659475,952.9880981445312,21662.203125,2.10901842714461
0.14783233404159546,0.0010000000474974513,0.0,1302.1990966796875,-14.42877197265625,1302.2790318722148,957.5722045898438,22029.33984375,2.099509691335777
0.15006616711616516,0.0010000000474974513,0.0,1300.173583984375,-13.959728240966797,1300.2485233613365,960.9816284179688,22303.0078125,2.092503339177682
0.15230000019073486,0.0010000000474974513,0.0,1298.729736328125,-13.345524787902832,1298.7983026839793,963.466552734375,22503.119140625,2.087466278930976
